Index,File,Are equals,Size in ntsc_1.0,Size in ntsc_1.0_rc,Size proportion,Size difference,Bytes different,Words different
0,makerom,False,4192,4192,1.0,0,8,2
1,boot,False,25552,25552,1.0,0,52,36
2,dmadata,False,24416,24416,1.0,0,7717,3916
3,Audiobank,False,117328,117344,1.0,-16,0,0
4,Audioseq,False,325264,325248,1.0,16,98597,26274
5,Audiotable,True,4590288,4590288,1.0,0,0,0
6,kanji,True,508672,508672,1.0,0,0,0
7,link_animetion,True,2513968,2513968,1.0,0,0,0
8,icon_item_static,True,559264,559264,1.0,0,0,0
9,icon_item_24_static,True,46080,46080,1.0,0,0,0
10,icon_item_field_static,True,47408,47408,1.0,0,0,0
11,icon_item_dungeon_static,True,7552,7552,1.0,0,0,0
12,icon_item_gameover_static,True,13056,13056,1.0,0,0,0
13,icon_item_jpn_static,True,56448,56448,1.0,0,0,0
14,icon_item_nes_static,True,56448,56448,1.0,0,0,0
15,icon_item_ger_static,,,,,,
16,icon_item_fra_static,,,,,,
17,item_name_static,True,251904,251904,1.0,0,0,0
18,map_name_static,True,137216,137216,1.0,0,0,0
19,do_action_static,True,22272,22272,1.0,0,0,0
20,message_static,True,16768,16768,1.0,0,0,0
21,jpn_message_data_static,False,238416,238432,1.0,-16,138760,39277
22,message_texture_static,True,4608,4608,1.0,0,0,0
23,nes_font_static,True,17792,17792,1.0,0,0,0
24,nes_message_data_static,False,229680,229648,1.0,32,195103,51373
25,ger_message_data_static,,,,,,
26,fra_message_data_static,,,,,,
27,staff_message_data_static,False,3936,3968,0.992,-32,1489,387
28,map_grand_static,True,58192,58192,1.0,0,0,0
29,map_i_static,True,975120,975120,1.0,0,0,0
30,map_48x85_static,True,138720,138720,1.0,0,0,0
31,code,False,1064240,1063712,1.0,528,825090,242272
32,n64dd,False,77072,76832,1.003,240,50894,14848
33,ovl_title,False,2496,2496,1.0,0,43,29
34,ovl_select,False,11616,11616,1.0,0,161,94
35,ovl_opening,False,352,352,1.0,0,14,8
36,ovl_file_choose,False,65312,65312,1.0,0,827,442
37,ovl_kaleido_scope,False,117136,117120,1.0,16,29836,10412
38,ovl_player_actor,False,157024,156544,1.003,480,131579,37442
39,ovl_map_mark_data,False,27488,27488,1.0,0,20,10
40,ovl_En_Test,False,22704,22704,1.0,0,766,504
41,ovl_En_GirlA,False,10528,10528,1.0,0,721,393
42,ovl_En_Part,False,5648,5648,1.0,0,183,104
43,ovl_En_Light,False,3568,3568,1.0,0,67,42
44,ovl_En_Door,False,3632,3632,1.0,0,89,57
45,ovl_En_Box,False,6960,6704,1.038,256,5793,1629
46,ovl_En_Poh,False,16784,16752,1.002,32,7030,2155
47,ovl_En_Okuta,False,9696,9696,1.0,0,295,184
48,ovl_En_Bom,False,3792,3792,1.0,0,83,53
49,ovl_En_Wallmas,False,6672,6672,1.0,0,223,147
50,ovl_En_Dodongo,False,11680,11680,1.0,0,415,255
51,ovl_En_Firefly,False,8560,8560,1.0,0,248,169
52,ovl_En_Horse,False,49696,49696,1.0,0,35350,10460
53,ovl_En_Arrow,False,5872,5872,1.0,0,167,103
54,ovl_En_Elf,False,18880,18880,1.0,0,563,333
55,ovl_En_Niw,False,13104,13104,1.0,0,380,230
56,ovl_En_Tite,False,11680,11680,1.0,0,225,169
57,ovl_En_Reeba,False,6768,6768,1.0,0,205,129
58,ovl_En_Peehat,False,14080,14032,1.003,48,2649,937
59,ovl_En_Holl,False,4048,4256,0.951,-208,3447,970
60,ovl_En_Scene_Change,False,304,304,1.0,0,12,7
61,ovl_En_Zf,False,27376,27360,1.001,16,8523,2803
62,ovl_En_Hata,False,1424,1424,1.0,0,45,30
63,ovl_Boss_Dodongo,False,39648,39648,1.0,0,792,530
64,ovl_Boss_Goma,False,24448,24448,1.0,0,751,537
65,ovl_En_Zl1,False,15872,15872,1.0,0,297,190
66,ovl_En_Viewer,False,11952,11952,1.0,0,315,190
67,ovl_En_Goma,False,11408,11408,1.0,0,374,254
68,ovl_Bg_Pushbox,False,768,768,1.0,0,25,16
69,ovl_En_Bubble,False,5152,5152,1.0,0,162,106
70,ovl_Door_Shutter,False,8832,8832,1.0,0,231,152
71,ovl_En_Dodojr,False,7840,7840,1.0,0,243,149
72,ovl_En_Bdfire,False,2960,2960,1.0,0,74,46
73,ovl_En_Boom,False,2240,2240,1.0,0,61,40
74,ovl_En_Torch2,False,10080,9840,1.024,240,8295,2420
75,ovl_En_Bili,False,8912,8912,1.0,0,370,202
76,ovl_En_Tp,False,7760,7760,1.0,0,223,141
77,ovl_En_St,False,11376,11376,1.0,0,328,197
78,ovl_En_Bw,False,13152,13152,1.0,0,428,265
79,ovl_En_Eiyer,False,7264,7264,1.0,0,240,156
80,ovl_En_River_Sound,False,2448,2448,1.0,0,49,30
81,ovl_En_Horse_Normal,False,9760,9760,1.0,0,413,238
82,ovl_En_Ossan,False,26080,26080,1.0,0,1013,589
83,ovl_Bg_Treemouth,False,5712,5712,1.0,0,152,81
84,ovl_Bg_Dodoago,False,3392,3392,1.0,0,149,92
85,ovl_Bg_Hidan_Dalm,False,2128,2128,1.0,0,84,52
86,ovl_Bg_Hidan_Hrock,False,2096,2096,1.0,0,56,40
87,ovl_En_Horse_Ganon,False,3456,3456,1.0,0,112,72
88,ovl_Bg_Hidan_Rock,False,4336,4336,1.0,0,153,98
89,ovl_Bg_Hidan_Rsekizou,False,3040,3040,1.0,0,58,39
90,ovl_Bg_Hidan_Sekizou,False,5200,5200,1.0,0,76,53
91,ovl_Bg_Hidan_Sima,False,3872,3872,1.0,0,96,63
92,ovl_Bg_Hidan_Syoku,False,1120,1120,1.0,0,43,27
93,ovl_En_Xc,False,26464,26464,1.0,0,1321,746
94,ovl_Bg_Hidan_Curtain,False,2720,2720,1.0,0,63,38
95,ovl_Bg_Spot00_Hanebasi,False,4368,4368,1.0,0,131,82
96,ovl_En_Mb,False,16704,16704,1.0,0,482,326
97,ovl_En_Bombf,False,5232,5232,1.0,0,110,69
98,ovl_Bg_Hidan_Firewall,False,1888,1888,1.0,0,51,32
99,ovl_Bg_Dy_Yoseizo,False,11600,11600,1.0,0,334,222
100,ovl_En_Zl2,False,18224,18224,1.0,0,854,507
101,ovl_Bg_Hidan_Fslift,False,1232,1232,1.0,0,43,30
102,ovl_En_OE2,False,224,224,1.0,0,11,6
103,ovl_Bg_Ydan_Hasi,False,1968,1968,1.0,0,60,38
104,ovl_Bg_Ydan_Maruta,False,1760,1760,1.0,0,51,36
105,ovl_Boss_Ganondrof,False,19824,19824,1.0,0,535,369
106,ovl_En_Am,False,9216,9216,1.0,0,244,163
107,ovl_En_Dekubaba,False,15008,15008,1.0,0,449,321
108,ovl_En_M_Fire1,False,416,416,1.0,0,15,11
109,ovl_En_M_Thunder,False,5616,5616,1.0,0,184,109
110,ovl_Bg_Ddan_Jd,False,1616,1616,1.0,0,37,27
111,ovl_Bg_Breakwall,False,3696,3696,1.0,0,119,74
112,ovl_En_Jj,False,5584,5584,1.0,0,89,63
113,ovl_En_Horse_Zelda,False,2800,2800,1.0,0,93,60
114,ovl_Bg_Ddan_Kd,False,2288,2288,1.0,0,102,64
115,ovl_Door_Warp1,False,17056,17056,1.0,0,569,361
116,ovl_Obj_Syokudai,False,3120,3120,1.0,0,80,53
117,ovl_Item_B_Heart,False,1008,1008,1.0,0,23,15
118,ovl_En_Dekunuts,False,6144,6144,1.0,0,173,121
119,ovl_Bg_Menkuri_Kaiten,False,400,400,1.0,0,17,12
120,ovl_Bg_Menkuri_Eye,False,1168,1168,1.0,0,35,22
121,ovl_En_Vali,False,9888,9888,1.0,0,359,220
122,ovl_Bg_Mizu_Movebg,False,4496,4496,1.0,0,152,82
123,ovl_Bg_Mizu_Water,False,3280,3280,1.0,0,101,56
124,ovl_Arms_Hook,False,3424,3424,1.0,0,131,80
125,ovl_En_fHG,False,10544,10544,1.0,0,290,208
126,ovl_Bg_Mori_Hineri,False,3280,3280,1.0,0,122,81
127,ovl_En_Bb,False,15568,15568,1.0,0,442,279
128,ovl_Bg_Toki_Hikari,False,3488,3488,1.0,0,64,39
129,ovl_En_Yukabyun,False,1552,1552,1.0,0,45,28
130,ovl_Bg_Toki_Swd,False,5712,5712,1.0,0,56,35
131,ovl_En_Fhg_Fire,False,9760,9760,1.0,0,234,154
132,ovl_Bg_Mjin,False,992,992,1.0,0,33,22
133,ovl_Bg_Hidan_Kousi,False,1408,1408,1.0,0,59,38
134,ovl_Door_Toki,False,352,352,1.0,0,17,12
135,ovl_Bg_Hidan_Hamstep,False,3728,3728,1.0,0,114,71
136,ovl_En_Bird,False,1216,1216,1.0,0,45,29
137,ovl_En_Wood02,False,4560,4560,1.0,0,143,86
138,ovl_En_Lightbox,False,1152,1152,1.0,0,36,21
139,ovl_En_Pu_box,False,832,832,1.0,0,23,12
140,ovl_En_Trap,False,4768,4768,1.0,0,68,54
141,ovl_En_Arow_Trap,False,336,336,1.0,0,7,4
142,ovl_En_Vase,False,256,256,1.0,0,8,5
143,ovl_En_Ta,False,14784,14784,1.0,0,659,382
144,ovl_En_Tk,False,7728,7728,1.0,0,237,141
145,ovl_Bg_Mori_Bigst,False,2352,2352,1.0,0,87,53
146,ovl_Bg_Mori_Elevator,False,2800,2800,1.0,0,116,71
147,ovl_Bg_Mori_Kaitenkabe,False,1632,1632,1.0,0,52,34
148,ovl_Bg_Mori_Rakkatenjo,False,2416,2416,1.0,0,93,57
149,ovl_En_Vm,False,6320,6320,1.0,0,206,134
150,ovl_Demo_Effect,False,23296,23296,1.0,0,611,362
151,ovl_Demo_Kankyo,False,15536,15504,1.002,32,10718,3356
152,ovl_Bg_Hidan_Fwbig,False,3296,3296,1.0,0,77,47
153,ovl_En_Floormas,False,13280,13280,1.0,0,442,305
154,ovl_En_Heishi1,False,5392,5392,1.0,0,164,110
155,ovl_En_Rd,False,10416,10416,1.0,0,365,232
156,ovl_En_Po_Sisters,False,19696,19696,1.0,0,491,312
157,ovl_Bg_Heavy_Block,False,6384,6384,1.0,0,223,154
158,ovl_Bg_Po_Event,False,7728,7728,1.0,0,220,131
159,ovl_Obj_Mure,False,4112,4112,1.0,0,133,69
160,ovl_En_Sw,False,14192,14224,0.998,-32,9054,2727
161,ovl_Boss_Fd,False,29488,29488,1.0,0,801,529
162,ovl_Object_Kankyo,False,12832,12832,1.0,0,395,221
163,ovl_En_Du,False,6816,6816,1.0,0,273,154
164,ovl_En_Fd,False,11456,11408,1.004,48,9531,2796
165,ovl_En_Horse_Link_Child,False,7680,7680,1.0,0,301,181
166,ovl_Door_Ana,False,1648,1648,1.0,0,58,35
167,ovl_Bg_Spot02_Objects,False,4944,4944,1.0,0,113,69
168,ovl_Bg_Haka,False,1728,1728,1.0,0,55,35
169,ovl_Magic_Wind,False,7424,7424,1.0,0,95,54
170,ovl_Magic_Fire,False,8912,8912,1.0,0,67,39
171,ovl_En_Ru1,False,30368,30288,1.003,80,19934,5951
172,ovl_Boss_Fd2,False,15664,15664,1.0,0,376,261
173,ovl_En_Fd_Fire,False,3344,3344,1.0,0,98,62
174,ovl_En_Dh,False,6864,6832,1.005,32,1604,539
175,ovl_En_Dha,False,4048,3952,1.024,96,1827,562
176,ovl_En_Rl,False,3808,3808,1.0,0,143,81
177,ovl_En_Encount1,False,2912,2912,1.0,0,42,31
178,ovl_Demo_Du,False,14304,14304,1.0,0,484,268
179,ovl_Demo_Im,False,16240,16240,1.0,0,571,316
180,ovl_Demo_Tre_Lgt,False,1808,1808,1.0,0,48,28
181,ovl_En_Fw,False,6064,6064,1.0,0,146,97
182,ovl_Bg_Vb_Sima,False,1808,1808,1.0,0,60,41
183,ovl_En_Vb_Ball,False,4512,4512,1.0,0,143,99
184,ovl_Bg_Haka_Megane,False,1024,1024,1.0,0,35,24
185,ovl_Bg_Haka_MeganeBG,False,1728,1728,1.0,0,58,37
186,ovl_Bg_Haka_Ship,False,2624,2624,1.0,0,86,52
187,ovl_Bg_Haka_Sgami,False,3104,3104,1.0,0,86,53
188,ovl_En_Heishi2,False,8704,8704,1.0,0,309,203
189,ovl_En_Encount2,False,4656,4656,1.0,0,95,62
190,ovl_En_Fire_Rock,False,4368,4368,1.0,0,134,93
191,ovl_En_Brob,False,4336,4336,1.0,0,122,81
192,ovl_Mir_Ray,False,6336,6336,1.0,0,105,68
193,ovl_Bg_Spot09_Obj,False,1296,1296,1.0,0,48,28
194,ovl_Bg_Spot18_Obj,False,2256,2256,1.0,0,93,53
195,ovl_Boss_Va,False,59376,59376,1.0,0,2407,1456
196,ovl_Bg_Haka_Tubo,False,2592,2592,1.0,0,82,56
197,ovl_Bg_Haka_Trap,False,5584,5584,1.0,0,179,108
198,ovl_Bg_Haka_Huta,False,2720,2720,1.0,0,90,61
199,ovl_Bg_Haka_Zou,False,4592,4592,1.0,0,116,73
200,ovl_Bg_Spot17_Funen,False,592,592,1.0,0,21,13
201,ovl_En_Syateki_Itm,False,3488,3488,1.0,0,132,78
202,ovl_En_Syateki_Man,False,3520,3520,1.0,0,132,80
203,ovl_En_Tana,False,672,672,1.0,0,28,15
204,ovl_En_Nb,False,17872,17872,1.0,0,669,373
205,ovl_Boss_Mo,False,46496,46496,1.0,0,1324,857
206,ovl_En_Sb,False,5184,5184,1.0,0,169,108
207,ovl_En_Bigokuta,False,11024,11024,1.0,0,327,200
208,ovl_En_Karebaba,False,6384,6384,1.0,0,223,142
209,ovl_Bg_Bdan_Objects,False,4816,4816,1.0,0,164,106
210,ovl_Demo_Sa,False,11040,11040,1.0,0,338,182
211,ovl_Demo_Go,False,3424,3424,1.0,0,148,77
212,ovl_En_In,False,11616,11616,1.0,0,453,263
213,ovl_En_Tr,False,6400,6400,1.0,0,202,122
214,ovl_Bg_Spot16_Bombstone,False,5440,5440,1.0,0,156,91
215,ovl_Bg_Hidan_Kowarerukabe,False,3792,3792,1.0,0,107,65
216,ovl_Bg_Bombwall,False,2240,2240,1.0,0,62,40
217,ovl_En_Ru2,False,11648,11648,1.0,0,338,183
218,ovl_Obj_Dekujr,False,1600,1600,1.0,0,38,23
219,ovl_Bg_Mizu_Uzu,False,464,464,1.0,0,19,13
220,ovl_Bg_Spot06_Objects,False,5136,5136,1.0,0,194,118
221,ovl_Bg_Ice_Objects,False,3904,3904,1.0,0,161,94
222,ovl_Bg_Haka_Water,False,2016,2016,1.0,0,39,22
223,ovl_En_Ma2,False,4192,4192,1.0,0,152,91
224,ovl_En_Bom_Chu,False,5792,5792,1.0,0,142,87
225,ovl_En_Horse_Game_Check,False,4304,4304,1.0,0,164,89
226,ovl_Boss_Tw,False,77952,77952,1.0,0,2614,1700
227,ovl_En_Rr,False,9504,9504,1.0,0,287,179
228,ovl_En_Ba,False,7888,7888,1.0,0,231,167
229,ovl_En_Bx,False,2800,2800,1.0,0,79,50
230,ovl_En_Anubice,False,4784,4784,1.0,0,131,90
231,ovl_En_Anubice_Fire,False,3520,3520,1.0,0,91,56
232,ovl_Bg_Mori_Hashigo,False,2240,2240,1.0,0,64,40
233,ovl_Bg_Mori_Hashira4,False,1408,1408,1.0,0,52,31
234,ovl_Bg_Mori_Idomizu,False,1600,1600,1.0,0,49,29
235,ovl_Bg_Spot16_Doughnut,False,1456,1456,1.0,0,30,17
236,ovl_Bg_Bdan_Switch,False,5168,5168,1.0,0,266,148
237,ovl_En_Ma1,False,4832,4832,1.0,0,247,137
238,ovl_Boss_Ganon,False,139888,139888,1.0,0,2234,1426
239,ovl_Boss_Sst,False,50464,50464,1.0,0,1852,1127
240,ovl_En_Ny,False,6448,6448,1.0,0,161,106
241,ovl_En_Fr,False,10896,10896,1.0,0,443,252
242,ovl_Item_Shield,False,2576,2576,1.0,0,73,44
243,ovl_Bg_Ice_Shelter,False,4656,4656,1.0,0,169,99
244,ovl_En_Ice_Hono,False,4592,4592,1.0,0,150,95
245,ovl_Item_Ocarina,False,2000,2000,1.0,0,60,31
246,ovl_Magic_Dark,False,6224,6224,1.0,0,121,72
247,ovl_Demo_6K,False,11536,11536,1.0,0,359,212
248,ovl_En_Anubice_Tag,False,720,720,1.0,0,19,11
249,ovl_Bg_Haka_Gate,False,4224,4224,1.0,0,156,96
250,ovl_Bg_Spot15_Saku,False,832,832,1.0,0,33,19
251,ovl_Bg_Jya_Goroiwa,False,1920,1920,1.0,0,70,41
252,ovl_Bg_Jya_Zurerukabe,False,1712,1712,1.0,0,71,39
253,ovl_Bg_Jya_Cobra,False,7456,7456,1.0,0,171,100
254,ovl_Bg_Jya_Kanaami,False,944,944,1.0,0,37,24
255,ovl_Fishing,False,80336,80304,1.0,32,65085,19586
256,ovl_Obj_Oshihiki,False,6832,6832,1.0,0,211,116
257,ovl_Bg_Gate_Shutter,False,1152,1152,1.0,0,37,22
258,ovl_Eff_Dust,False,5088,5088,1.0,0,159,97
259,ovl_Bg_Spot01_Fusya,False,672,672,1.0,0,27,15
260,ovl_Bg_Spot01_Idohashira,False,3072,3072,1.0,0,106,59
261,ovl_Bg_Spot01_Idomizu,False,784,784,1.0,0,34,19
262,ovl_Bg_Po_Syokudai,False,2384,2384,1.0,0,55,36
263,ovl_Bg_Ganon_Otyuka,False,9792,9792,1.0,0,146,92
264,ovl_Bg_Spot15_Rrbox,False,3552,3552,1.0,0,110,62
265,ovl_Bg_Umajump,False,400,400,1.0,0,19,13
266,ovl_En_Insect,False,9504,9408,1.01,96,2338,830
267,ovl_En_Butte,False,5584,5584,1.0,0,223,132
268,ovl_En_Fish,False,8464,8464,1.0,0,320,199
269,ovl_Bg_Spot08_Iceblock,False,4160,4160,1.0,0,245,137
270,ovl_Item_Etcetera,False,2256,2256,1.0,0,108,58
271,ovl_Arrow_Fire,False,7872,7872,1.0,0,82,46
272,ovl_Arrow_Ice,False,7904,7904,1.0,0,82,46
273,ovl_Arrow_Light,False,7920,7920,1.0,0,80,46
274,ovl_Obj_Kibako,False,3328,3328,1.0,0,104,64
275,ovl_Obj_Tsubo,False,4080,4080,1.0,0,150,91
276,ovl_En_Wonder_Item,False,3152,3152,1.0,0,77,43
277,ovl_En_Ik,False,17968,17968,1.0,0,661,392
278,ovl_Demo_Ik,False,5392,5392,1.0,0,195,106
279,ovl_En_Skj,False,14640,14432,1.014,208,10288,3022
280,ovl_En_Skjneedle,False,784,784,1.0,0,28,16
281,ovl_En_G_Switch,False,6192,6192,1.0,0,173,108
282,ovl_Demo_Ext,False,2368,2368,1.0,0,80,43
283,ovl_Demo_Shd,False,9232,9232,1.0,0,49,26
284,ovl_En_Dns,False,5008,5008,1.0,0,270,149
285,ovl_Elf_Msg,False,1520,1520,1.0,0,35,18
286,ovl_En_Honotrap,False,5456,5456,1.0,0,163,102
287,ovl_En_Tubo_Trap,False,3232,3232,1.0,0,98,65
288,ovl_Obj_Ice_Poly,False,2480,2480,1.0,0,69,46
289,ovl_Bg_Spot03_Taki,False,2288,2288,1.0,0,39,25
290,ovl_Bg_Spot07_Taki,False,1472,1472,1.0,0,35,24
291,ovl_En_Fz,False,8208,8208,1.0,0,208,132
292,ovl_En_Po_Relay,False,5904,5904,1.0,0,166,105
293,ovl_Bg_Relay_Objects,False,1968,1968,1.0,0,83,50
294,ovl_En_Diving_Game,False,6576,6560,1.002,16,4236,1261
295,ovl_En_Kusa,False,5344,5344,1.0,0,212,115
296,ovl_Obj_Bean,False,10128,10128,1.0,0,415,254
297,ovl_Obj_Bombiwa,False,1392,1392,1.0,0,48,31
298,ovl_Obj_Switch,False,7616,7616,1.0,0,292,167
299,ovl_Obj_Elevator,False,960,960,1.0,0,39,23
300,ovl_Obj_Lift,False,2592,2592,1.0,0,94,58
301,ovl_Obj_Hsblock,False,1488,1488,1.0,0,57,33
302,ovl_En_Okarina_Tag,False,5344,5344,1.0,0,110,58
303,ovl_En_Yabusame_Mark,False,1744,1744,1.0,0,40,27
304,ovl_En_Goroiwa,False,9152,9152,1.0,0,272,159
305,ovl_En_Ex_Ruppy,False,4288,4288,1.0,0,118,67
306,ovl_En_Toryo,False,3216,3216,1.0,0,144,82
307,ovl_En_Daiku,False,5952,5952,1.0,0,178,109
308,ovl_En_Nwc,False,2624,2624,1.0,0,63,37
309,ovl_En_Blkobj,False,1376,1376,1.0,0,50,30
310,ovl_Item_Inbox,False,352,352,1.0,0,11,6
311,ovl_En_Ge1,False,8240,8240,1.0,0,328,190
312,ovl_Obj_Blockstop,False,416,416,1.0,0,10,7
313,ovl_En_Sda,False,5696,5696,1.0,0,95,52
314,ovl_En_Clear_Tag,False,35696,35696,1.0,0,332,221
315,ovl_En_Niw_Lady,False,6368,6368,1.0,0,258,154
316,ovl_En_Gm,False,3376,3376,1.0,0,128,77
317,ovl_En_Ms,False,1776,1776,1.0,0,78,45
318,ovl_En_Hs,False,2976,2976,1.0,0,127,76
319,ovl_Bg_Ingate,False,912,912,1.0,0,32,19
320,ovl_En_Kanban,False,12624,12624,1.0,0,243,163
321,ovl_En_Heishi3,False,2512,2512,1.0,0,70,47
322,ovl_En_Syateki_Niw,False,8336,8336,1.0,0,233,147
323,ovl_En_Attack_Niw,False,4704,4704,1.0,0,152,105
324,ovl_Bg_Spot01_Idosoko,False,528,528,1.0,0,25,16
325,ovl_En_Sa,False,8816,8816,1.0,0,331,190
326,ovl_En_Wonder_Talk,False,1680,1680,1.0,0,52,29
327,ovl_Bg_Gjyo_Bridge,False,1280,1280,1.0,0,49,30
328,ovl_En_Ds,False,3104,3104,1.0,0,113,68
329,ovl_En_Mk,False,3728,3728,1.0,0,119,76
330,ovl_En_Bom_Bowl_Man,False,5440,5440,1.0,0,181,114
331,ovl_En_Bom_Bowl_Pit,False,2416,2400,1.007,16,1865,566
332,ovl_En_Owl,False,15264,15264,1.0,0,613,349
333,ovl_En_Ishi,False,37200,37200,1.0,0,208,123
334,ovl_Obj_Hana,False,784,784,1.0,0,34,21
335,ovl_Obj_Lightswitch,False,5168,5168,1.0,0,156,91
336,ovl_Obj_Mure2,False,2592,2592,1.0,0,81,47
337,ovl_En_Go,False,17984,17984,1.0,0,1336,701
338,ovl_En_Fu,False,3392,3392,1.0,0,113,70
339,ovl_En_Changer,False,2528,2528,1.0,0,59,35
340,ovl_Bg_Jya_Megami,False,4576,4576,1.0,0,141,84
341,ovl_Bg_Jya_Lift,False,1360,1360,1.0,0,50,31
342,ovl_Bg_Jya_Bigmirror,False,2112,2112,1.0,0,64,36
343,ovl_Bg_Jya_Bombchuiwa,False,2864,2864,1.0,0,94,55
344,ovl_Bg_Jya_Amishutter,False,912,912,1.0,0,38,23
345,ovl_Bg_Jya_Bombiwa,False,1472,1472,1.0,0,51,32
346,ovl_Bg_Spot18_Basket,False,4080,4080,1.0,0,151,104
347,ovl_En_Ganon_Organ,False,28672,28672,1.0,0,150,76
348,ovl_En_Siofuki,False,3504,3504,1.0,0,103,60
349,ovl_En_Stream,False,1424,1424,1.0,0,44,24
350,ovl_En_Mm,False,5664,5664,1.0,0,216,123
351,ovl_En_Ko,False,16704,16704,1.0,0,863,465
352,ovl_En_Kz,False,5392,5392,1.0,0,213,123
353,ovl_En_Weather_Tag,False,3824,3824,1.0,0,181,96
354,ovl_Bg_Sst_Floor,False,1376,1376,1.0,0,44,31
355,ovl_En_Ani,False,3440,3376,1.019,64,2638,764
356,ovl_En_Ex_Item,False,4464,4480,0.996,-16,1505,554
357,ovl_Bg_Jya_Ironobj,False,3504,3504,1.0,0,130,76
358,ovl_En_Js,False,2512,2512,1.0,0,93,60
359,ovl_En_Jsjutan,False,19904,19904,1.0,0,133,74
360,ovl_En_Cs,False,4656,4656,1.0,0,166,100
361,ovl_En_Md,False,9840,9840,1.0,0,443,257
362,ovl_En_Hy,False,14656,14672,0.999,-16,8418,2839
363,ovl_En_Ganon_Mant,False,16928,16928,1.0,0,129,78
364,ovl_En_Okarina_Effect,False,944,944,1.0,0,33,21
365,ovl_En_Mag,False,12048,12048,1.0,0,171,90
366,ovl_Door_Gerudo,False,1520,1520,1.0,0,44,26
367,ovl_Elf_Msg2,False,1136,1136,1.0,0,37,19
368,ovl_Demo_Gt,False,22016,22016,1.0,0,827,467
369,ovl_En_Po_Field,False,14816,14784,1.002,32,6171,1883
370,ovl_Efc_Erupc,False,2784,2784,1.0,0,60,38
371,ovl_Bg_Zg,False,1136,1136,1.0,0,52,29
372,ovl_En_Heishi4,False,3840,3840,1.0,0,116,73
373,ovl_En_Zl3,False,32336,32368,0.999,-32,17906,5526
374,ovl_Boss_Ganon2,False,70384,70384,1.0,0,1587,996
375,ovl_En_Kakasi,False,3392,3392,1.0,0,117,81
376,ovl_En_Takara_Man,False,2240,2240,1.0,0,67,41
377,ovl_Obj_Makeoshihiki,False,1168,1168,1.0,0,24,14
378,ovl_Oceff_Spot,False,3888,3888,1.0,0,71,43
379,ovl_End_Title,False,16688,16688,1.0,0,45,26
380,ovl_En_Torch,False,240,240,1.0,0,7,4
381,ovl_Demo_Ec,False,14432,14432,1.0,0,873,431
382,ovl_Shot_Sun,False,1728,1728,1.0,0,51,32
383,ovl_En_Dy_Extra,False,1408,1408,1.0,0,35,20
384,ovl_En_Wonder_Talk2,False,1696,1696,1.0,0,31,17
385,ovl_En_Ge2,False,6560,6560,1.0,0,214,128
386,ovl_Obj_Roomtimer,False,592,592,1.0,0,28,16
387,ovl_En_Ssh,False,9712,9712,1.0,0,690,282
388,ovl_En_Sth,False,16560,16560,1.0,0,224,131
389,ovl_Oceff_Wipe,False,3408,3408,1.0,0,40,24
390,ovl_Effect_Ss_Dust,False,2096,2096,1.0,0,58,32
391,ovl_Effect_Ss_KiraKira,False,1648,1648,1.0,0,51,29
392,ovl_Effect_Ss_Bomb,False,1056,1056,1.0,0,38,22
393,ovl_Effect_Ss_Bomb2,False,2352,2352,1.0,0,64,37
394,ovl_Effect_Ss_Blast,False,912,912,1.0,0,18,11
395,ovl_Effect_Ss_G_Spk,False,1456,1456,1.0,0,35,21
396,ovl_Effect_Ss_D_Fire,False,1264,1264,1.0,0,28,16
397,ovl_Effect_Ss_Bubble,False,1152,1152,1.0,0,40,22
398,ovl_Effect_Ss_G_Ripple,False,1376,1376,1.0,0,27,16
399,ovl_Effect_Ss_G_Splash,False,1200,1200,1.0,0,18,9
400,ovl_Effect_Ss_G_Magma,False,608,608,1.0,0,15,7
401,ovl_Effect_Ss_G_Fire,False,656,656,1.0,0,13,6
402,ovl_Effect_Ss_Lightning,False,1744,1744,1.0,0,53,31
403,ovl_Effect_Ss_Dt_Bubble,False,1424,1424,1.0,0,30,16
404,ovl_Effect_Ss_Hahen,False,1600,1600,1.0,0,48,29
405,ovl_Effect_Ss_Stick,False,928,928,1.0,0,33,20
406,ovl_Effect_Ss_Sibuki,False,1744,1744,1.0,0,56,31
407,ovl_Effect_Ss_Sibuki2,False,816,816,1.0,0,16,9
408,ovl_Effect_Ss_G_Magma2,False,1296,1296,1.0,0,25,15
409,ovl_Effect_Ss_Stone1,False,912,912,1.0,0,22,12
410,ovl_Effect_Ss_HitMark,False,1360,1360,1.0,0,27,15
411,ovl_Effect_Ss_Fhg_Flash,False,3968,3968,1.0,0,84,51
412,ovl_Effect_Ss_K_Fire,False,1072,1072,1.0,0,20,13
413,ovl_Effect_Ss_Solder_Srch_Ball,False,432,432,1.0,0,5,3
414,ovl_Effect_Ss_Kakera,False,4240,4240,1.0,0,125,67
415,ovl_Effect_Ss_Ice_Piece,False,1088,1088,1.0,0,27,17
416,ovl_Effect_Ss_En_Ice,False,2064,2064,1.0,0,40,25
417,ovl_Effect_Ss_Fire_Tail,False,1792,1792,1.0,0,44,30
418,ovl_Effect_Ss_En_Fire,False,1856,1856,1.0,0,39,26
419,ovl_Effect_Ss_Extra,False,960,960,1.0,0,25,15
420,ovl_Effect_Ss_Fcircle,False,1200,1200,1.0,0,23,14
421,ovl_Effect_Ss_Dead_Db,False,1248,1248,1.0,0,34,19
422,ovl_Effect_Ss_Dead_Dd,False,1424,1424,1.0,0,38,22
423,ovl_Effect_Ss_Dead_Ds,False,1152,1152,1.0,0,30,21
424,ovl_Effect_Ss_Dead_Sound,False,320,320,1.0,0,10,5
425,ovl_Oceff_Storm,False,7072,7072,1.0,0,63,35
426,ovl_En_Weiyer,False,6656,6656,1.0,0,207,136
427,ovl_Bg_Spot05_Soko,False,800,800,1.0,0,30,20
428,ovl_Bg_Jya_1flift,False,1680,1680,1.0,0,74,45
429,ovl_Bg_Jya_Haheniron,False,2032,2032,1.0,0,77,44
430,ovl_Bg_Spot12_Gate,False,1040,1040,1.0,0,44,28
431,ovl_Bg_Spot12_Saku,False,1216,1216,1.0,0,48,30
432,ovl_En_Hintnuts,False,6704,6704,1.0,0,201,136
433,ovl_En_Nutsball,False,1568,1568,1.0,0,43,28
434,ovl_Bg_Spot00_Break,False,416,416,1.0,0,20,14
435,ovl_En_Shopnuts,False,3856,3856,1.0,0,141,81
436,ovl_En_It,False,400,400,1.0,0,16,11
437,ovl_En_GeldB,False,21424,21504,0.996,-80,18118,5164
438,ovl_Oceff_Wipe2,False,6000,6000,1.0,0,62,35
439,ovl_Oceff_Wipe3,False,5968,5968,1.0,0,60,34
440,ovl_En_Niw_Girl,False,2768,2768,1.0,0,93,61
441,ovl_En_Dog,False,4528,4528,1.0,0,143,86
442,ovl_En_Si,False,1280,1280,1.0,0,50,32
443,ovl_Bg_Spot01_Objects2,False,1216,1216,1.0,0,58,34
444,ovl_Obj_Comb,False,2144,2144,1.0,0,73,45
445,ovl_Bg_Spot11_Bakudankabe,False,1600,1600,1.0,0,50,33
446,ovl_Obj_Kibako2,False,1728,1728,1.0,0,58,38
447,ovl_En_Dnt_Demo,False,3360,3360,1.0,0,76,47
448,ovl_En_Dnt_Jiji,False,5392,5552,0.971,-160,4417,1229
449,ovl_En_Dnt_Nomal,False,11776,12096,0.974,-320,3665,1145
450,ovl_En_Guest,False,2464,2464,1.0,0,144,70
451,ovl_Bg_Bom_Guard,False,544,544,1.0,0,16,10
452,ovl_En_Hs2,False,1504,1504,1.0,0,54,35
453,ovl_Demo_Kekkai,False,4832,4832,1.0,0,143,91
454,ovl_Bg_Spot08_Bakudankabe,False,1696,1696,1.0,0,56,37
455,ovl_Bg_Spot17_Bakudankabe,False,1760,1760,1.0,0,50,34
456,ovl_Obj_Mure3,False,2000,2000,1.0,0,52,29
457,ovl_En_Tg,False,1744,1744,1.0,0,66,39
458,ovl_En_Mu,False,2336,2336,1.0,0,82,48
459,ovl_En_Go2,False,24608,24608,1.0,0,1007,554
460,ovl_En_Wf,False,17168,17168,1.0,0,591,337
461,ovl_En_Skb,False,6384,6384,1.0,0,187,121
462,ovl_Demo_Gj,False,15536,15536,1.0,0,691,364
463,ovl_Demo_Geff,False,2080,2080,1.0,0,105,54
464,ovl_Bg_Gnd_Firemeiro,False,1344,1344,1.0,0,33,22
465,ovl_Bg_Gnd_Darkmeiro,False,1984,1984,1.0,0,48,29
466,ovl_Bg_Gnd_Soulmeiro,False,2144,2144,1.0,0,70,44
467,ovl_Bg_Gnd_Nisekabe,False,368,368,1.0,0,19,12
468,ovl_Bg_Gnd_Iceblock,False,4336,4336,1.0,0,334,183
469,ovl_Bg_Ydan_Sp,False,6000,6000,1.0,0,166,110
470,ovl_En_Gb,False,5936,5936,1.0,0,189,122
471,ovl_En_Gs,False,7840,7840,1.0,0,267,155
472,ovl_Bg_Mizu_Bwall,False,5328,5328,1.0,0,179,111
473,ovl_Bg_Mizu_Shutter,False,2048,2048,1.0,0,74,46
474,ovl_En_Daiku_Kakariko,False,5056,5056,1.0,0,162,95
475,ovl_Bg_Bowl_Wall,False,2432,2432,1.0,0,55,37
476,ovl_En_Wall_Tubo,False,1264,1248,1.013,16,885,266
477,ovl_En_Po_Desert,False,3520,3520,1.0,0,86,55
478,ovl_En_Crow,False,5792,5792,1.0,0,174,108
479,ovl_Door_Killer,False,5488,5488,1.0,0,159,100
480,ovl_Bg_Spot11_Oasis,False,1840,1840,1.0,0,63,37
481,ovl_Bg_Spot18_Futa,False,416,416,1.0,0,17,12
482,ovl_Bg_Spot18_Shutter,False,1360,1360,1.0,0,54,35
483,ovl_En_Ma3,False,3952,3952,1.0,0,178,104
484,ovl_En_Cow,False,5216,5216,1.0,0,156,113
485,ovl_Bg_Ice_Turara,False,2096,2096,1.0,0,75,49
486,ovl_Bg_Ice_Shutter,False,1136,1136,1.0,0,39,29
487,ovl_En_Kakasi2,False,1824,1824,1.0,0,51,37
488,ovl_En_Kakasi3,False,4320,4320,1.0,0,144,93
489,ovl_Oceff_Wipe4,False,4064,4064,1.0,0,62,35
490,ovl_En_Eg,False,432,432,1.0,0,25,14
491,ovl_Bg_Menkuri_Nisekabe,False,336,336,1.0,0,14,8
492,ovl_En_Zo,False,9648,9648,1.0,0,320,184
493,ovl_Effect_Ss_Ice_Smoke,False,1216,1216,1.0,0,33,23
494,ovl_Obj_Makekinsuta,False,336,336,1.0,0,10,6
495,ovl_En_Ge3,False,2896,2896,1.0,0,90,57
496,ovl_Obj_Timeblock,False,3136,3136,1.0,0,94,51
497,ovl_Obj_Hamishi,False,2128,2128,1.0,0,64,44
498,ovl_En_Zl4,False,18992,18992,1.0,0,790,454
499,ovl_En_Mm2,False,3520,3520,1.0,0,132,82
500,ovl_Bg_Jya_Block,False,624,624,1.0,0,22,14
501,ovl_Obj_Warp2block,False,2864,2864,1.0,0,80,50
502,gameplay_keep,True,376032,376032,1.0,0,0,0
503,gameplay_field_keep,True,54064,54064,1.0,0,0,0
504,gameplay_dangeon_keep,True,97008,97008,1.0,0,0,0
505,gameplay_object_exchange_static,True,16,16,1.0,0,0,0
506,object_link_boy,True,227328,227328,1.0,0,0,0
507,object_link_child,True,184192,184192,1.0,0,0,0
508,object_box,True,24576,24576,1.0,0,0,0
509,object_human,True,78208,78208,1.0,0,0,0
510,object_okuta,True,15488,15488,1.0,0,0,0
511,object_poh,True,20704,20704,1.0,0,0,0
512,object_wallmaster,True,41072,41072,1.0,0,0,0
513,object_dy_obj,True,120112,120112,1.0,0,0,0
514,object_firefly,True,6336,6336,1.0,0,0,0
515,object_dodongo,True,39232,39232,1.0,0,0,0
516,object_fire,True,16544,16544,1.0,0,0,0
517,object_niw,True,9536,9536,1.0,0,0,0
518,object_tite,True,14896,14896,1.0,0,0,0
519,object_reeba,True,7920,7920,1.0,0,0,0
520,object_peehat,True,7312,7312,1.0,0,0,0
521,object_kingdodongo,True,194784,194784,1.0,0,0,0
522,object_horse,True,57104,57104,1.0,0,0,0
523,object_zf,True,91040,91040,1.0,0,0,0
524,object_goma,True,123392,123392,1.0,0,0,0
525,object_zl1,True,82880,82880,1.0,0,0,0
526,object_gol,True,16928,16928,1.0,0,0,0
527,object_bubble,True,4288,4288,1.0,0,0,0
528,object_dodojr,True,8432,8432,1.0,0,0,0
529,object_torch2,True,18288,18288,1.0,0,0,0
530,object_bl,True,22608,22608,1.0,0,0,0
531,object_tp,True,7408,7408,1.0,0,0,0
532,object_oA1,True,18192,18192,1.0,0,0,0
533,object_st,True,23472,23472,1.0,0,0,0
534,object_bw,True,8800,8800,1.0,0,0,0
535,object_ei,True,13344,13344,1.0,0,0,0
536,object_horse_normal,True,40896,40896,1.0,0,0,0
537,object_oB1,True,26288,26288,1.0,0,0,0
538,object_o_anime,True,8528,8528,1.0,0,0,0
539,object_spot04_objects,True,5824,5824,1.0,0,0,0
540,object_ddan_objects,True,34656,34656,1.0,0,0,0
541,object_hidan_objects,True,97568,97568,1.0,0,0,0
542,object_horse_ganon,True,49296,49296,1.0,0,0,0
543,object_oA2,True,22224,22224,1.0,0,0,0
544,object_spot00_objects,True,7184,7184,1.0,0,0,0
545,object_mb,True,82336,82336,1.0,0,0,0
546,object_bombf,True,6656,6656,1.0,0,0,0
547,object_sk2,True,59392,59392,1.0,0,0,0
548,object_oE1,True,26640,26640,1.0,0,0,0
549,object_oE_anime,True,20576,20576,1.0,0,0,0
550,object_oE2,True,23152,23152,1.0,0,0,0
551,object_ydan_objects,True,36992,36992,1.0,0,0,0
552,object_gnd,True,77824,77824,1.0,0,0,0
553,object_am,True,23376,23376,1.0,0,0,0
554,object_dekubaba,True,14784,14784,1.0,0,0,0
555,object_oA3,True,8496,8496,1.0,0,0,0
556,object_oA4,True,5936,5936,1.0,0,0,0
557,object_oA5,True,5808,5808,1.0,0,0,0
558,object_oA6,True,6656,6656,1.0,0,0,0
559,object_oA7,True,5456,5456,1.0,0,0,0
560,object_jj,True,47808,47808,1.0,0,0,0
561,object_oA8,True,6064,6064,1.0,0,0,0
562,object_oA9,True,1312,1312,1.0,0,0,0
563,object_oB2,True,16608,16608,1.0,0,0,0
564,object_oB3,True,17552,17552,1.0,0,0,0
565,object_oB4,True,6256,6256,1.0,0,0,0
566,object_horse_zelda,True,29024,29024,1.0,0,0,0
567,object_opening_demo1,True,20576,20576,1.0,0,0,0
568,object_warp1,True,11440,11440,1.0,0,0,0
569,object_b_heart,True,1600,1600,1.0,0,0,0
570,object_dekunuts,True,13920,13920,1.0,0,0,0
571,object_oE3,True,28960,28960,1.0,0,0,0
572,object_oE4,True,20432,20432,1.0,0,0,0
573,object_menkuri_objects,True,35600,35600,1.0,0,0,0
574,object_oE5,True,21952,21952,1.0,0,0,0
575,object_oE6,True,11856,11856,1.0,0,0,0
576,object_oE7,True,10848,10848,1.0,0,0,0
577,object_oE8,True,13264,13264,1.0,0,0,0
578,object_oE9,True,12048,12048,1.0,0,0,0
579,object_oE10,True,10704,10704,1.0,0,0,0
580,object_oE11,True,12784,12784,1.0,0,0,0
581,object_oE12,True,14272,14272,1.0,0,0,0
582,object_vali,True,18512,18512,1.0,0,0,0
583,object_oA10,True,11952,11952,1.0,0,0,0
584,object_oA11,True,5568,5568,1.0,0,0,0
585,object_mizu_objects,True,45856,45856,1.0,0,0,0
586,object_fhg,True,69088,69088,1.0,0,0,0
587,object_ossan,True,39760,39760,1.0,0,0,0
588,object_mori_hineri1,True,21744,21744,1.0,0,0,0
589,object_Bb,True,6720,6720,1.0,0,0,0
590,object_toki_objects,True,33872,33872,1.0,0,0,0
591,object_yukabyun,True,5360,5360,1.0,0,0,0
592,object_zl2,True,68992,68992,1.0,0,0,0
593,object_mjin,True,4752,4752,1.0,0,0,0
594,object_mjin_flash,True,4096,4096,1.0,0,0,0
595,object_mjin_dark,True,4096,4096,1.0,0,0,0
596,object_mjin_flame,True,4096,4096,1.0,0,0,0
597,object_mjin_ice,True,4096,4096,1.0,0,0,0
598,object_mjin_soul,True,4096,4096,1.0,0,0,0
599,object_mjin_wind,True,4096,4096,1.0,0,0,0
600,object_mjin_oka,True,7008,7008,1.0,0,0,0
601,object_haka_objects,True,120496,120496,1.0,0,0,0
602,object_spot06_objects,True,11680,11680,1.0,0,0,0
603,object_ice_objects,True,36176,36176,1.0,0,0,0
604,object_relay_objects,True,13872,13872,1.0,0,0,0
605,object_mori_hineri1a,True,13504,13504,1.0,0,0,0
606,object_mori_hineri2,True,17408,17408,1.0,0,0,0
607,object_mori_hineri2a,True,24752,24752,1.0,0,0,0
608,object_mori_objects,True,35344,35344,1.0,0,0,0
609,object_mori_tex,True,40448,40448,1.0,0,0,0
610,object_spot08_obj,True,22016,22016,1.0,0,0,0
611,object_warp2,True,16,16,1.0,0,0,0
612,object_hata,True,12256,12256,1.0,0,0,0
613,object_bird,True,8608,8608,1.0,0,0,0
614,object_wood02,True,34768,34768,1.0,0,0,0
615,object_lightbox,True,8000,8000,1.0,0,0,0
616,object_pu_box,True,5632,5632,1.0,0,0,0
617,object_trap,True,9184,9184,1.0,0,0,0
618,object_vase,True,5520,5520,1.0,0,0,0
619,object_im,True,74288,74288,1.0,0,0,0
620,object_ta,True,58352,58352,1.0,0,0,0
621,object_tk,True,48720,48720,1.0,0,0,0
622,object_xc,True,117536,117536,1.0,0,0,0
623,object_vm,True,16240,16240,1.0,0,0,0
624,object_bv,True,122288,122288,1.0,0,0,0
625,object_hakach_objects,True,27376,27376,1.0,0,0,0
626,object_efc_crystal_light,True,2720,2720,1.0,0,0,0
627,object_efc_fire_ball,True,3328,3328,1.0,0,0,0
628,object_efc_flash,True,16,16,1.0,0,0,0
629,object_efc_lgt_shower,True,4816,4816,1.0,0,0,0
630,object_efc_star_field,True,6096,6096,1.0,0,0,0
631,object_god_lgt,True,17232,17232,1.0,0,0,0
632,object_light_ring,True,4736,4736,1.0,0,0,0
633,object_triforce_spot,True,10512,10512,1.0,0,0,0
634,object_medal,True,20800,20800,1.0,0,0,0
635,object_bdan_objects,True,52496,52496,1.0,0,0,0
636,object_sd,True,50912,50912,1.0,0,0,0
637,object_rd,True,61424,61424,1.0,0,0,0
638,object_po_sisters,True,58304,58304,1.0,0,0,0
639,object_heavy_object,True,6880,6880,1.0,0,0,0
640,object_gndd,True,72192,72192,1.0,0,0,0
641,object_fd,True,66160,66160,1.0,0,0,0
642,object_du,True,75312,75312,1.0,0,0,0
643,object_fw,True,32224,32224,1.0,0,0,0
644,object_horse_link_child,True,35616,35616,1.0,0,0,0
645,object_spot02_objects,True,91680,91680,1.0,0,0,0
646,object_haka,True,5216,5216,1.0,0,0,0
647,object_ru1,True,80512,80512,1.0,0,0,0
648,object_syokudai,True,15504,15504,1.0,0,0,0
649,object_fd2,True,72336,72336,1.0,0,0,0
650,object_dh,True,37056,37056,1.0,0,0,0
651,object_rl,True,31568,31568,1.0,0,0,0
652,object_efc_tw,True,4848,4848,1.0,0,0,0
653,object_demo_tre_lgt,True,16,16,1.0,0,0,0
654,object_gi_key,True,2592,2592,1.0,0,0,0
655,object_mir_ray,True,7424,7424,1.0,0,0,0
656,object_brob,True,6816,6816,1.0,0,0,0
657,object_gi_jewel,True,13952,13952,1.0,0,0,0
658,object_spot09_obj,True,100496,100496,1.0,0,0,0
659,object_spot18_obj,False,51728,51728,1.0,0,1141,306
660,object_bdoor,True,30144,30144,1.0,0,0,0
661,object_spot17_obj,True,6192,6192,1.0,0,0,0
662,object_shop_dungen,True,14880,14880,1.0,0,0,0
663,object_nb,True,98784,98784,1.0,0,0,0
664,object_mo,True,31856,31856,1.0,0,0,0
665,object_sb,True,11424,11424,1.0,0,0,0
666,object_gi_melody,True,3360,3360,1.0,0,0,0
667,object_gi_heart,True,496,496,1.0,0,0,0
668,object_gi_compass,True,3344,3344,1.0,0,0,0
669,object_gi_bosskey,True,4112,4112,1.0,0,0,0
670,object_gi_medal,True,21360,21360,1.0,0,0,0
671,object_gi_nuts,True,4544,4544,1.0,0,0,0
672,object_sa,True,86576,86576,1.0,0,0,0
673,object_gi_hearts,True,6064,6064,1.0,0,0,0
674,object_gi_arrowcase,True,3248,3248,1.0,0,0,0
675,object_gi_bombpouch,True,3680,3680,1.0,0,0,0
676,object_in,True,101456,101456,1.0,0,0,0
677,object_tr,True,77360,77360,1.0,0,0,0
678,object_spot16_obj,True,5376,5376,1.0,0,0,0
679,object_oE1s,True,25952,25952,1.0,0,0,0
680,object_oE4s,True,19968,19968,1.0,0,0,0
681,object_os_anime,True,42560,42560,1.0,0,0,0
682,object_gi_bottle,True,2288,2288,1.0,0,0,0
683,object_gi_stick,True,1728,1728,1.0,0,0,0
684,object_gi_map,True,4448,4448,1.0,0,0,0
685,object_oF1d_map,True,66976,66976,1.0,0,0,0
686,object_ru2,True,63696,63696,1.0,0,0,0
687,object_gi_shield_1,True,3408,3408,1.0,0,0,0
688,object_dekujr,True,13584,13584,1.0,0,0,0
689,object_gi_magicpot,True,4560,4560,1.0,0,0,0
690,object_gi_bomb_1,True,3248,3248,1.0,0,0,0
691,object_oF1s,True,34976,34976,1.0,0,0,0
692,object_ma2,True,40688,40688,1.0,0,0,0
693,object_gi_purse,True,7024,7024,1.0,0,0,0
694,object_hni,True,44912,44912,1.0,0,0,0
695,object_tw,True,236464,236464,1.0,0,0,0
696,object_rr,True,3584,3584,1.0,0,0,0
697,object_bxa,True,11248,11248,1.0,0,0,0
698,object_anubice,True,14752,14752,1.0,0,0,0
699,object_gi_gerudo,True,4928,4928,1.0,0,0,0
700,object_gi_arrow,True,6928,6928,1.0,0,0,0
701,object_gi_bomb_2,True,1696,1696,1.0,0,0,0
702,object_gi_egg,True,4896,4896,1.0,0,0,0
703,object_gi_scale,True,3568,3568,1.0,0,0,0
704,object_gi_shield_2,True,4208,4208,1.0,0,0,0
705,object_gi_hookshot,True,5472,5472,1.0,0,0,0
706,object_gi_ocarina,True,2992,2992,1.0,0,0,0
707,object_gi_milk,True,5232,5232,1.0,0,0,0
708,object_ma1,True,36224,36224,1.0,0,0,0
709,object_ganon,True,65792,65792,1.0,0,0,0
710,object_sst,True,104368,104368,1.0,0,0,0
711,object_ny,True,8560,8560,1.0,0,0,0
712,object_fr,True,46256,46256,1.0,0,0,0
713,object_gi_pachinko,True,3168,3168,1.0,0,0,0
714,object_gi_boomerang,True,3488,3488,1.0,0,0,0
715,object_gi_bow,True,3376,3376,1.0,0,0,0
716,object_gi_glasses,True,4480,4480,1.0,0,0,0
717,object_gi_liquid,True,6352,6352,1.0,0,0,0
718,object_ani,True,30464,30464,1.0,0,0,0
719,object_demo_6k,True,15264,15264,1.0,0,0,0
720,object_gi_shield_3,True,4800,4800,1.0,0,0,0
721,object_gi_letter,True,3584,3584,1.0,0,0,0
722,object_spot15_obj,True,7424,7424,1.0,0,0,0
723,object_jya_obj,True,115008,115008,1.0,0,0,0
724,object_gi_clothes,True,6240,6240,1.0,0,0,0
725,object_gi_bean,True,2240,2240,1.0,0,0,0
726,object_gi_fish,True,2384,2384,1.0,0,0,0
727,object_gi_saw,True,2944,2944,1.0,0,0,0
728,object_gi_hammer,True,3264,3264,1.0,0,0,0
729,object_gi_grass,True,3088,3088,1.0,0,0,0
730,object_gi_longsword,True,2240,2240,1.0,0,0,0
731,object_spot01_objects,True,9360,9360,1.0,0,0,0
732,object_md,True,41296,41296,1.0,0,0,0
733,object_km1,True,22976,22976,1.0,0,0,0
734,object_kw1,True,26848,26848,1.0,0,0,0
735,object_zo,True,49216,49216,1.0,0,0,0
736,object_kz,True,34528,34528,1.0,0,0,0
737,object_umajump,True,5232,5232,1.0,0,0,0
738,object_masterkokiri,True,1216,1216,1.0,0,0,0
739,object_masterkokirihead,True,11424,11424,1.0,0,0,0
740,object_mastergolon,True,272,272,1.0,0,0,0
741,object_masterzoora,True,1952,1952,1.0,0,0,0
742,object_aob,True,22192,22192,1.0,0,0,0
743,object_ik,True,132560,132560,1.0,0,0,0
744,object_ahg,True,22960,22960,1.0,0,0,0
745,object_cne,True,10704,10704,1.0,0,0,0
746,object_gi_niwatori,True,6640,6640,1.0,0,0,0
747,object_skj,True,36400,36400,1.0,0,0,0
748,object_gi_bottle_letter,True,3200,3200,1.0,0,0,0
749,object_bji,True,16784,16784,1.0,0,0,0
750,object_bba,True,17040,17040,1.0,0,0,0
751,object_gi_ocarina_0,True,3088,3088,1.0,0,0,0
752,object_ds,True,18304,18304,1.0,0,0,0
753,object_ane,True,28592,28592,1.0,0,0,0
754,object_boj,True,23744,23744,1.0,0,0,0
755,object_spot03_object,True,5728,5728,1.0,0,0,0
756,object_spot07_object,True,27952,27952,1.0,0,0,0
757,object_fz,True,13520,13520,1.0,0,0,0
758,object_bob,True,20256,20256,1.0,0,0,0
759,object_ge1,True,42160,42160,1.0,0,0,0
760,object_yabusame_point,True,3664,3664,1.0,0,0,0
761,object_gi_boots_2,True,7104,7104,1.0,0,0,0
762,object_gi_seed,True,2752,2752,1.0,0,0,0
763,object_gnd_magic,True,4736,4736,1.0,0,0,0
764,object_d_elevator,True,5008,5008,1.0,0,0,0
765,object_d_hsblock,True,5984,5984,1.0,0,0,0
766,object_d_lift,True,6144,6144,1.0,0,0,0
767,object_mamenoki,True,9952,9952,1.0,0,0,0
768,object_goroiwa,True,6304,6304,1.0,0,0,0
769,object_toryo,True,29024,29024,1.0,0,0,0
770,object_daiku,True,34928,34928,1.0,0,0,0
771,object_nwc,True,3488,3488,1.0,0,0,0
772,object_blkobj,True,80016,80016,1.0,0,0,0
773,object_gm,True,720,720,1.0,0,0,0
774,object_ms,True,15824,15824,1.0,0,0,0
775,object_hs,True,25200,25200,1.0,0,0,0
776,object_ingate,True,4592,4592,1.0,0,0,0
777,object_lightswitch,True,9248,9248,1.0,0,0,0
778,object_kusa,True,896,896,1.0,0,0,0
779,object_tsubo,True,6640,6640,1.0,0,0,0
780,object_gi_gloves,True,6496,6496,1.0,0,0,0
781,object_gi_coin,True,2128,2128,1.0,0,0,0
782,object_kanban,True,6064,6064,1.0,0,0,0
783,object_gjyo_objects,True,5616,5616,1.0,0,0,0
784,object_owl,True,65728,65728,1.0,0,0,0
785,object_mk,True,24064,24064,1.0,0,0,0
786,object_fu,True,27808,27808,1.0,0,0,0
787,object_gi_ki_tan_mask,True,3568,3568,1.0,0,0,0
788,object_gi_redead_mask,True,2704,2704,1.0,0,0,0
789,object_gi_skj_mask,True,3296,3296,1.0,0,0,0
790,object_gi_rabit_mask,True,3840,3840,1.0,0,0,0
791,object_gi_truth_mask,True,6240,6240,1.0,0,0,0
792,object_ganon_objects,True,4464,4464,1.0,0,0,0
793,object_siofuki,True,3504,3504,1.0,0,0,0
794,object_stream,True,2688,2688,1.0,0,0,0
795,object_mm,True,32880,32880,1.0,0,0,0
796,object_fa,True,15248,15248,1.0,0,0,0
797,object_os,True,18032,18032,1.0,0,0,0
798,object_gi_eye_lotion,True,2416,2416,1.0,0,0,0
799,object_gi_powder,True,2944,2944,1.0,0,0,0
800,object_gi_mushroom,True,3280,3280,1.0,0,0,0
801,object_gi_ticketstone,True,4768,4768,1.0,0,0,0
802,object_gi_brokensword,True,2448,2448,1.0,0,0,0
803,object_js,True,24368,24368,1.0,0,0,0
804,object_cs,True,34128,34128,1.0,0,0,0
805,object_gi_prescription,True,3104,3104,1.0,0,0,0
806,object_gi_bracelet,True,3056,3056,1.0,0,0,0
807,object_gi_soldout,True,1232,1232,1.0,0,0,0
808,object_gi_frog,True,4368,4368,1.0,0,0,0
809,object_mag,True,128064,128064,1.0,0,0,0
810,object_door_gerudo,True,2464,2464,1.0,0,0,0
811,object_gt,True,79344,79344,1.0,0,0,0
812,object_efc_erupc,True,10480,10480,1.0,0,0,0
813,object_zl2_anime1,True,46608,46608,1.0,0,0,0
814,object_zl2_anime2,True,43744,43744,1.0,0,0,0
815,object_gi_golonmask,True,6064,6064,1.0,0,0,0
816,object_gi_zoramask,True,5680,5680,1.0,0,0,0
817,object_gi_gerudomask,True,5120,5120,1.0,0,0,0
818,object_ganon2,True,215024,215024,1.0,0,0,0
819,object_ka,True,26560,26560,1.0,0,0,0
820,object_ts,True,20464,20464,1.0,0,0,0
821,object_zg,True,4608,4608,1.0,0,0,0
822,object_gi_hoverboots,True,7792,7792,1.0,0,0,0
823,object_gi_m_arrow,True,3712,3712,1.0,0,0,0
824,object_ds2,True,17008,17008,1.0,0,0,0
825,object_ec,True,51504,51504,1.0,0,0,0
826,object_fish,True,87536,87536,1.0,0,0,0
827,object_gi_sutaru,True,1616,1616,1.0,0,0,0
828,object_gi_goddess,True,3152,3152,1.0,0,0,0
829,object_ssh,True,23552,23552,1.0,0,0,0
830,object_bigokuta,True,27600,27600,1.0,0,0,0
831,object_bg,True,29376,29376,1.0,0,0,0
832,object_spot05_objects,True,4848,4848,1.0,0,0,0
833,object_spot12_obj,True,9152,9152,1.0,0,0,0
834,object_bombiwa,True,2816,2816,1.0,0,0,0
835,object_hintnuts,True,12608,12608,1.0,0,0,0
836,object_rs,True,18560,18560,1.0,0,0,0
837,object_spot00_break,True,7712,7712,1.0,0,0,0
838,object_gla,True,40688,40688,1.0,0,0,0
839,object_shopnuts,True,17808,17808,1.0,0,0,0
840,object_geldb,True,46832,46832,1.0,0,0,0
841,object_gr,True,40080,40080,1.0,0,0,0
842,object_dog,True,29344,29344,1.0,0,0,0
843,object_jya_iron,True,9824,9824,1.0,0,0,0
844,object_jya_door,True,8832,8832,1.0,0,0,0
845,object_spot01_objects2,True,16,16,1.0,0,0,0
846,object_spot11_obj,True,6800,6800,1.0,0,0,0
847,object_kibako2,True,4288,4288,1.0,0,0,0
848,object_dns,True,14288,14288,1.0,0,0,0
849,object_dnk,True,11824,11824,1.0,0,0,0
850,object_gi_fire,True,4064,4064,1.0,0,0,0
851,object_gi_insect,True,3056,3056,1.0,0,0,0
852,object_gi_butterfly,True,3024,3024,1.0,0,0,0
853,object_gi_ghost,True,3504,3504,1.0,0,0,0
854,object_gi_soul,True,4016,4016,1.0,0,0,0
855,object_bowl,True,13552,13552,1.0,0,0,0
856,object_po_field,True,27200,27200,1.0,0,0,0
857,object_demo_kekkai,True,60688,60688,1.0,0,0,0
858,object_efc_doughnut,True,4176,4176,1.0,0,0,0
859,object_gi_dekupouch,True,4176,4176,1.0,0,0,0
860,object_ganon_anime1,True,48192,48192,1.0,0,0,0
861,object_ganon_anime2,True,66864,66864,1.0,0,0,0
862,object_ganon_anime3,True,83952,83952,1.0,0,0,0
863,object_gi_rupy,True,2048,2048,1.0,0,0,0
864,object_spot01_matoya,True,15504,15504,1.0,0,0,0
865,object_spot01_matoyab,True,8672,8672,1.0,0,0,0
866,object_po_composer,True,28576,28576,1.0,0,0,0
867,object_mu,True,44624,44624,1.0,0,0,0
868,object_wf,True,42240,42240,1.0,0,0,0
869,object_skb,True,18448,18448,1.0,0,0,0
870,object_gj,True,42784,42784,1.0,0,0,0
871,object_geff,True,4016,4016,1.0,0,0,0
872,object_haka_door,True,14704,14704,1.0,0,0,0
873,object_gs,True,2688,2688,1.0,0,0,0
874,object_ps,True,51456,51456,1.0,0,0,0
875,object_bwall,True,4432,4432,1.0,0,0,0
876,object_crow,True,4304,4304,1.0,0,0,0
877,object_cow,True,20144,20144,1.0,0,0,0
878,object_cob,True,8720,8720,1.0,0,0,0
879,object_gi_sword_1,True,3360,3360,1.0,0,0,0
880,object_door_killer,True,7136,7136,1.0,0,0,0
881,object_ouke_haka,True,2416,2416,1.0,0,0,0
882,object_timeblock,True,2912,2912,1.0,0,0,0
883,object_zl4,True,118304,118304,1.0,0,0,0
884,g_pn_01,True,6912,6912,1.0,0,0,0
885,g_pn_02,True,6912,6912,1.0,0,0,0
886,g_pn_03,True,6912,6912,1.0,0,0,0
887,g_pn_04,True,6912,6912,1.0,0,0,0
888,g_pn_05,True,6912,6912,1.0,0,0,0
889,g_pn_06,True,6912,6912,1.0,0,0,0
890,g_pn_07,True,6912,6912,1.0,0,0,0
891,g_pn_08,True,6912,6912,1.0,0,0,0
892,g_pn_09,True,6912,6912,1.0,0,0,0
893,g_pn_10,True,6912,6912,1.0,0,0,0
894,g_pn_11,True,6912,6912,1.0,0,0,0
895,g_pn_12,True,6912,6912,1.0,0,0,0
896,g_pn_13,True,6912,6912,1.0,0,0,0
897,g_pn_14,True,6912,6912,1.0,0,0,0
898,g_pn_15,True,6912,6912,1.0,0,0,0
899,g_pn_16,True,6912,6912,1.0,0,0,0
900,g_pn_17,True,6912,6912,1.0,0,0,0
901,g_pn_18,True,6912,6912,1.0,0,0,0
902,g_pn_19,True,6912,6912,1.0,0,0,0
903,g_pn_20,True,6912,6912,1.0,0,0,0
904,g_pn_21,True,6912,6912,1.0,0,0,0
905,g_pn_22,True,6912,6912,1.0,0,0,0
906,g_pn_23,True,6912,6912,1.0,0,0,0
907,g_pn_24,True,6912,6912,1.0,0,0,0
908,g_pn_25,True,6912,6912,1.0,0,0,0
909,g_pn_26,True,6912,6912,1.0,0,0,0
910,g_pn_27,True,6912,6912,1.0,0,0,0
911,g_pn_28,True,6912,6912,1.0,0,0,0
912,g_pn_29,True,6912,6912,1.0,0,0,0
913,g_pn_30,True,6912,6912,1.0,0,0,0
914,g_pn_31,True,6912,6912,1.0,0,0,0
915,g_pn_32,True,6912,6912,1.0,0,0,0
916,g_pn_33,True,6912,6912,1.0,0,0,0
917,g_pn_34,True,6912,6912,1.0,0,0,0
918,g_pn_35,True,6912,6912,1.0,0,0,0
919,g_pn_36,True,6912,6912,1.0,0,0,0
920,g_pn_37,True,6912,6912,1.0,0,0,0
921,g_pn_38,True,6912,6912,1.0,0,0,0
922,g_pn_39,True,6912,6912,1.0,0,0,0
923,g_pn_40,True,6912,6912,1.0,0,0,0
924,g_pn_41,True,6912,6912,1.0,0,0,0
925,g_pn_42,True,6912,6912,1.0,0,0,0
926,g_pn_43,True,6912,6912,1.0,0,0,0
927,g_pn_44,True,6912,6912,1.0,0,0,0
928,g_pn_45,True,6912,6912,1.0,0,0,0
929,g_pn_46,True,6912,6912,1.0,0,0,0
930,g_pn_47,True,6912,6912,1.0,0,0,0
931,g_pn_48,True,6912,6912,1.0,0,0,0
932,g_pn_49,True,6912,6912,1.0,0,0,0
933,g_pn_50,True,6912,6912,1.0,0,0,0
934,g_pn_51,True,6912,6912,1.0,0,0,0
935,g_pn_52,True,6912,6912,1.0,0,0,0
936,g_pn_53,True,6912,6912,1.0,0,0,0
937,g_pn_54,True,6912,6912,1.0,0,0,0
938,g_pn_55,True,6912,6912,1.0,0,0,0
939,g_pn_56,True,6912,6912,1.0,0,0,0
940,g_pn_57,True,6912,6912,1.0,0,0,0
941,z_select_static,True,8704,8704,1.0,0,0,0
942,nintendo_rogo_static,True,11856,11856,1.0,0,0,0
943,title_static,True,234944,234944,1.0,0,0,0
944,parameter_static,True,15104,15104,1.0,0,0,0
945,vr_fine0_static,True,49152,49152,1.0,0,0,0
946,vr_fine0_pal_static,True,256,256,1.0,0,0,0
947,vr_fine1_static,True,49152,49152,1.0,0,0,0
948,vr_fine1_pal_static,True,256,256,1.0,0,0,0
949,vr_fine2_static,True,49152,49152,1.0,0,0,0
950,vr_fine2_pal_static,True,256,256,1.0,0,0,0
951,vr_fine3_static,True,49152,49152,1.0,0,0,0
952,vr_fine3_pal_static,True,256,256,1.0,0,0,0
953,vr_cloud0_static,True,49152,49152,1.0,0,0,0
954,vr_cloud0_pal_static,True,256,256,1.0,0,0,0
955,vr_cloud1_static,True,49152,49152,1.0,0,0,0
956,vr_cloud1_pal_static,True,256,256,1.0,0,0,0
957,vr_cloud2_static,True,49152,49152,1.0,0,0,0
958,vr_cloud2_pal_static,True,256,256,1.0,0,0,0
959,vr_cloud3_static,True,49152,49152,1.0,0,0,0
960,vr_cloud3_pal_static,True,256,256,1.0,0,0,0
961,vr_holy0_static,True,65536,65536,1.0,0,0,0
962,vr_holy0_pal_static,True,256,256,1.0,0,0,0
963,vr_holy1_static,True,65536,65536,1.0,0,0,0
964,vr_holy1_pal_static,True,256,256,1.0,0,0,0
965,vr_MDVR_static,True,262144,262144,1.0,0,0,0
966,vr_MDVR_pal_static,True,2048,2048,1.0,0,0,0
967,vr_MNVR_static,True,262144,262144,1.0,0,0,0
968,vr_MNVR_pal_static,True,2048,2048,1.0,0,0,0
969,vr_RUVR_static,True,262144,262144,1.0,0,0,0
970,vr_RUVR_pal_static,True,2048,2048,1.0,0,0,0
971,vr_LHVR_static,True,262144,262144,1.0,0,0,0
972,vr_LHVR_pal_static,True,2048,2048,1.0,0,0,0
973,vr_KHVR_static,True,262144,262144,1.0,0,0,0
974,vr_KHVR_pal_static,True,2048,2048,1.0,0,0,0
975,vr_K3VR_static,True,196608,196608,1.0,0,0,0
976,vr_K3VR_pal_static,True,1536,1536,1.0,0,0,0
977,vr_K4VR_static,True,196608,196608,1.0,0,0,0
978,vr_K4VR_pal_static,True,1536,1536,1.0,0,0,0
979,vr_K5VR_static,True,196608,196608,1.0,0,0,0
980,vr_K5VR_pal_static,True,1536,1536,1.0,0,0,0
981,vr_SP1a_static,True,131072,131072,1.0,0,0,0
982,vr_SP1a_pal_static,True,1024,1024,1.0,0,0,0
983,vr_MLVR_static,True,262144,262144,1.0,0,0,0
984,vr_MLVR_pal_static,True,2048,2048,1.0,0,0,0
985,vr_KKRVR_static,True,262144,262144,1.0,0,0,0
986,vr_KKRVR_pal_static,True,2048,2048,1.0,0,0,0
987,vr_KR3VR_static,True,196608,196608,1.0,0,0,0
988,vr_KR3VR_pal_static,True,1536,1536,1.0,0,0,0
989,vr_IPVR_static,True,262144,262144,1.0,0,0,0
990,vr_IPVR_pal_static,True,2048,2048,1.0,0,0,0
991,vr_KSVR_static,True,131072,131072,1.0,0,0,0
992,vr_KSVR_pal_static,True,1024,1024,1.0,0,0,0
993,vr_GLVR_static,True,131072,131072,1.0,0,0,0
994,vr_GLVR_pal_static,True,1024,1024,1.0,0,0,0
995,vr_ZRVR_static,True,131072,131072,1.0,0,0,0
996,vr_ZRVR_pal_static,True,1024,1024,1.0,0,0,0
997,vr_DGVR_static,True,131072,131072,1.0,0,0,0
998,vr_DGVR_pal_static,True,1024,1024,1.0,0,0,0
999,vr_ALVR_static,True,131072,131072,1.0,0,0,0
1000,vr_ALVR_pal_static,True,1024,1024,1.0,0,0,0
1001,vr_NSVR_static,True,131072,131072,1.0,0,0,0
1002,vr_NSVR_pal_static,True,1024,1024,1.0,0,0,0
1003,vr_LBVR_static,True,262144,262144,1.0,0,0,0
1004,vr_LBVR_pal_static,True,2048,2048,1.0,0,0,0
1005,vr_TTVR_static,True,196608,196608,1.0,0,0,0
1006,vr_TTVR_pal_static,True,1536,1536,1.0,0,0,0
1007,vr_FCVR_static,True,131072,131072,1.0,0,0,0
1008,vr_FCVR_pal_static,True,1024,1024,1.0,0,0,0
1009,elf_message_field,True,112,112,1.0,0,0,0
1010,elf_message_ydan,True,16,16,1.0,0,0,0
1011,syotes_scene,,,,,,
1012,syotes_room_0,,,,,,
1013,syotes2_scene,,,,,,
1014,syotes2_room_0,,,,,,
1015,depth_test_scene,,,,,,
1016,depth_test_room_0,,,,,,
1017,spot00_scene,True,172576,172576,1.0,0,0,0
1018,spot00_room_0,True,86576,86576,1.0,0,0,0
1019,spot01_scene,False,115024,115024,1.0,0,18,9
1020,spot01_room_0,False,40736,40288,1.011,448,29515,9568
1021,spot02_scene,True,48256,48256,1.0,0,0,0
1022,spot02_room_0,True,9824,9824,1.0,0,0,0
1023,spot02_room_1,True,122464,122464,1.0,0,0,0
1024,spot03_scene,False,46432,46432,1.0,0,8,4
1025,spot03_room_0,False,55680,55472,1.004,208,41555,13098
1026,spot03_room_1,False,29952,29792,1.005,160,22339,7086
1027,spot04_scene,True,70208,70208,1.0,0,0,0
1028,spot04_room_0,True,111488,111488,1.0,0,0,0
1029,spot04_room_1,True,34144,34144,1.0,0,0,0
1030,spot04_room_2,True,20496,20496,1.0,0,0,0
1031,spot05_scene,True,85344,85344,1.0,0,0,0
1032,spot05_room_0,True,40704,40704,1.0,0,0,0
1033,spot06_scene,True,111664,111664,1.0,0,0,0
1034,spot06_room_0,True,42528,42528,1.0,0,0,0
1035,spot07_scene,False,38944,38944,1.0,0,9,6
1036,spot07_room_0,False,25328,25152,1.007,176,19102,5917
1037,spot07_room_1,False,51616,51312,1.006,304,40980,12125
1038,spot08_scene,True,71328,71328,1.0,0,0,0
1039,spot08_room_0,True,33104,33104,1.0,0,0,0
1040,spot09_scene,True,69984,69984,1.0,0,0,0
1041,spot09_room_0,True,34256,34256,1.0,0,0,0
1042,spot10_scene,True,66608,66608,1.0,0,0,0
1043,spot10_room_0,True,9712,9712,1.0,0,0,0
1044,spot10_room_1,True,33840,33840,1.0,0,0,0
1045,spot10_room_2,True,19440,19440,1.0,0,0,0
1046,spot10_room_3,True,23216,23216,1.0,0,0,0
1047,spot10_room_4,True,9424,9424,1.0,0,0,0
1048,spot10_room_5,True,28656,28656,1.0,0,0,0
1049,spot10_room_6,True,15088,15088,1.0,0,0,0
1050,spot10_room_7,True,9664,9664,1.0,0,0,0
1051,spot10_room_8,True,9840,9840,1.0,0,0,0
1052,spot10_room_9,True,15328,15328,1.0,0,0,0
1053,spot11_scene,False,103648,103648,1.0,0,1,1
1054,spot11_room_0,True,51136,51136,1.0,0,0,0
1055,spot12_scene,False,65152,65152,1.0,0,17431,4818
1056,spot12_room_0,True,71104,71104,1.0,0,0,0
1057,spot12_room_1,True,49312,49312,1.0,0,0,0
1058,spot13_scene,True,24112,24112,1.0,0,0,0
1059,spot13_room_0,True,2320,2320,1.0,0,0,0
1060,spot13_room_1,True,76352,76352,1.0,0,0,0
1061,spot15_scene,True,99584,99584,1.0,0,0,0
1062,spot15_room_0,True,53696,53696,1.0,0,0,0
1063,spot16_scene,True,125584,125584,1.0,0,0,0
1064,spot16_room_0,True,44176,44176,1.0,0,0,0
1065,spot17_scene,True,65248,65248,1.0,0,0,0
1066,spot17_room_0,True,26752,26752,1.0,0,0,0
1067,spot17_room_1,True,74576,74576,1.0,0,0,0
1068,spot18_scene,True,42064,42064,1.0,0,0,0
1069,spot18_room_0,True,75728,75728,1.0,0,0,0
1070,spot18_room_1,True,25088,25088,1.0,0,0,0
1071,spot18_room_2,True,72112,72112,1.0,0,0,0
1072,spot18_room_3,True,122096,122096,1.0,0,0,0
1073,ydan_scene,True,55824,55824,1.0,0,0,0
1074,ydan_room_0,True,86768,86768,1.0,0,0,0
1075,ydan_room_1,True,16720,16720,1.0,0,0,0
1076,ydan_room_2,False,24112,24112,1.0,0,3,3
1077,ydan_room_3,True,82336,82336,1.0,0,0,0
1078,ydan_room_4,True,19408,19408,1.0,0,0,0
1079,ydan_room_5,True,33568,33568,1.0,0,0,0
1080,ydan_room_6,True,20160,20160,1.0,0,0,0
1081,ydan_room_7,True,35088,35088,1.0,0,0,0
1082,ydan_room_8,True,3328,3328,1.0,0,0,0
1083,ydan_room_9,True,39072,39072,1.0,0,0,0
1084,ydan_room_10,True,19840,19840,1.0,0,0,0
1085,ydan_room_11,True,29040,29040,1.0,0,0,0
1086,ddan_scene,False,86336,86336,1.0,0,9,7
1087,ddan_room_0,False,112800,112464,1.003,336,85612,26120
1088,ddan_room_1,False,39680,39664,1.0,16,28705,9093
1089,ddan_room_2,False,32160,32128,1.001,32,22723,7246
1090,ddan_room_3,False,56768,56608,1.003,160,38515,12060
1091,ddan_room_4,False,38992,38992,1.0,0,118,50
1092,ddan_room_5,False,24288,24288,1.0,0,52,26
1093,ddan_room_6,False,9216,9216,1.0,0,14,6
1094,ddan_room_7,False,30416,30400,1.001,16,21071,6677
1095,ddan_room_8,False,37888,37888,1.0,0,50,21
1096,ddan_room_9,False,46416,46400,1.0,16,32943,10537
1097,ddan_room_10,False,32336,32336,1.0,0,57,29
1098,ddan_room_11,False,8320,8320,1.0,0,31,14
1099,ddan_room_12,False,34608,34608,1.0,0,68,31
1100,ddan_room_13,False,9344,9344,1.0,0,14,6
1101,ddan_room_14,False,9360,9360,1.0,0,14,6
1102,ddan_room_15,False,10320,10320,1.0,0,14,6
1103,ddan_room_16,False,21840,21824,1.001,16,16923,5046
1104,bdan_scene,False,88000,88000,1.0,0,4,4
1105,bdan_room_0,True,16496,16496,1.0,0,0,0
1106,bdan_room_1,True,24208,24208,1.0,0,0,0
1107,bdan_room_2,False,37328,37360,0.999,-32,24180,8132
1108,bdan_room_3,False,29024,28992,1.001,32,20431,6549
1109,bdan_room_4,True,16464,16464,1.0,0,0,0
1110,bdan_room_5,True,24608,24608,1.0,0,0,0
1111,bdan_room_6,True,16960,16960,1.0,0,0,0
1112,bdan_room_7,True,13600,13600,1.0,0,0,0
1113,bdan_room_8,False,14464,14464,1.0,0,34,17
1114,bdan_room_9,False,15472,15472,1.0,0,34,17
1115,bdan_room_10,False,14384,14384,1.0,0,34,17
1116,bdan_room_11,False,14336,14336,1.0,0,34,17
1117,bdan_room_12,False,15568,15568,1.0,0,37,19
1118,bdan_room_13,True,11088,11088,1.0,0,0,0
1119,bdan_room_14,True,25056,25056,1.0,0,0,0
1120,bdan_room_15,True,9952,9952,1.0,0,0,0
1121,Bmori1_scene,True,90000,90000,1.0,0,0,0
1122,Bmori1_room_0,True,56256,56256,1.0,0,0,0
1123,Bmori1_room_1,True,23392,23392,1.0,0,0,0
1124,Bmori1_room_2,True,64048,64048,1.0,0,0,0
1125,Bmori1_room_3,True,14864,14864,1.0,0,0,0
1126,Bmori1_room_4,True,12976,12976,1.0,0,0,0
1127,Bmori1_room_5,True,13792,13792,1.0,0,0,0
1128,Bmori1_room_6,False,38080,38080,1.0,0,5,3
1129,Bmori1_room_7,True,77824,77824,1.0,0,0,0
1130,Bmori1_room_8,True,97136,97136,1.0,0,0,0
1131,Bmori1_room_9,True,41360,41360,1.0,0,0,0
1132,Bmori1_room_10,True,21472,21472,1.0,0,0,0
1133,Bmori1_room_11,True,43984,43984,1.0,0,0,0
1134,Bmori1_room_12,True,33760,33760,1.0,0,0,0
1135,Bmori1_room_13,True,35504,35504,1.0,0,0,0
1136,Bmori1_room_14,True,23472,23472,1.0,0,0,0
1137,Bmori1_room_15,True,9872,9872,1.0,0,0,0
1138,Bmori1_room_16,True,20384,20384,1.0,0,0,0
1139,Bmori1_room_17,True,37200,37200,1.0,0,0,0
1140,Bmori1_room_18,True,4928,4928,1.0,0,0,0
1141,Bmori1_room_19,True,1296,1296,1.0,0,0,0
1142,Bmori1_room_20,True,4864,4864,1.0,0,0,0
1143,Bmori1_room_21,True,6016,6016,1.0,0,0,0
1144,Bmori1_room_22,True,7648,7648,1.0,0,0,0
1145,HIDAN_scene,True,108912,108912,1.0,0,0,0
1146,HIDAN_room_0,True,29376,29376,1.0,0,0,0
1147,HIDAN_room_1,True,51680,51680,1.0,0,0,0
1148,HIDAN_room_2,True,65488,65488,1.0,0,0,0
1149,HIDAN_room_3,True,9440,9440,1.0,0,0,0
1150,HIDAN_room_4,True,30864,30864,1.0,0,0,0
1151,HIDAN_room_5,True,41520,41520,1.0,0,0,0
1152,HIDAN_room_6,True,28576,28576,1.0,0,0,0
1153,HIDAN_room_7,True,14816,14816,1.0,0,0,0
1154,HIDAN_room_8,True,39616,39616,1.0,0,0,0
1155,HIDAN_room_9,True,34672,34672,1.0,0,0,0
1156,HIDAN_room_10,True,99488,99488,1.0,0,0,0
1157,HIDAN_room_11,True,14272,14272,1.0,0,0,0
1158,HIDAN_room_12,True,11136,11136,1.0,0,0,0
1159,HIDAN_room_13,True,52192,52192,1.0,0,0,0
1160,HIDAN_room_14,True,8800,8800,1.0,0,0,0
1161,HIDAN_room_15,True,4560,4560,1.0,0,0,0
1162,HIDAN_room_16,True,47472,47472,1.0,0,0,0
1163,HIDAN_room_17,True,37184,37184,1.0,0,0,0
1164,HIDAN_room_18,True,15232,15232,1.0,0,0,0
1165,HIDAN_room_19,True,16864,16864,1.0,0,0,0
1166,HIDAN_room_20,True,27920,27920,1.0,0,0,0
1167,HIDAN_room_21,True,33984,33984,1.0,0,0,0
1168,HIDAN_room_22,True,27392,27392,1.0,0,0,0
1169,HIDAN_room_23,True,27936,27936,1.0,0,0,0
1170,HIDAN_room_24,True,21824,21824,1.0,0,0,0
1171,HIDAN_room_25,True,27360,27360,1.0,0,0,0
1172,HIDAN_room_26,True,26784,26784,1.0,0,0,0
1173,MIZUsin_scene,False,89328,89328,1.0,0,2,2
1174,MIZUsin_room_0,True,89216,89216,1.0,0,0,0
1175,MIZUsin_room_1,True,41312,41312,1.0,0,0,0
1176,MIZUsin_room_2,True,23440,23440,1.0,0,0,0
1177,MIZUsin_room_3,True,26384,26384,1.0,0,0,0
1178,MIZUsin_room_4,True,24544,24544,1.0,0,0,0
1179,MIZUsin_room_5,True,42480,42480,1.0,0,0,0
1180,MIZUsin_room_6,False,45760,45728,1.001,32,33961,10542
1181,MIZUsin_room_7,False,21840,21840,1.0,0,29,12
1182,MIZUsin_room_8,True,56528,56528,1.0,0,0,0
1183,MIZUsin_room_9,True,32736,32736,1.0,0,0,0
1184,MIZUsin_room_10,True,24496,24496,1.0,0,0,0
1185,MIZUsin_room_11,True,18864,18864,1.0,0,0,0
1186,MIZUsin_room_12,True,28048,28048,1.0,0,0,0
1187,MIZUsin_room_13,True,2560,2560,1.0,0,0,0
1188,MIZUsin_room_14,False,28256,28256,1.0,0,2,2
1189,MIZUsin_room_15,True,29744,29744,1.0,0,0,0
1190,MIZUsin_room_16,True,15056,15056,1.0,0,0,0
1191,MIZUsin_room_17,True,35360,35360,1.0,0,0,0
1192,MIZUsin_room_18,True,16576,16576,1.0,0,0,0
1193,MIZUsin_room_19,True,14640,14640,1.0,0,0,0
1194,MIZUsin_room_20,True,26432,26432,1.0,0,0,0
1195,MIZUsin_room_21,False,29856,29920,0.998,-64,19919,6574
1196,MIZUsin_room_22,True,37104,37104,1.0,0,0,0
1197,jyasinzou_scene,True,105280,105280,1.0,0,0,0
1198,jyasinzou_room_0,True,69440,69440,1.0,0,0,0
1199,jyasinzou_room_1,True,37632,37632,1.0,0,0,0
1200,jyasinzou_room_2,True,23568,23568,1.0,0,0,0
1201,jyasinzou_room_3,True,15184,15184,1.0,0,0,0
1202,jyasinzou_room_4,True,29296,29296,1.0,0,0,0
1203,jyasinzou_room_5,False,98112,98112,1.0,0,15,10
1204,jyasinzou_room_6,True,18432,18432,1.0,0,0,0
1205,jyasinzou_room_7,True,21776,21776,1.0,0,0,0
1206,jyasinzou_room_8,True,32880,32880,1.0,0,0,0
1207,jyasinzou_room_9,True,24048,24048,1.0,0,0,0
1208,jyasinzou_room_10,True,33184,33184,1.0,0,0,0
1209,jyasinzou_room_11,True,4112,4112,1.0,0,0,0
1210,jyasinzou_room_12,True,8288,8288,1.0,0,0,0
1211,jyasinzou_room_13,True,22608,22608,1.0,0,0,0
1212,jyasinzou_room_14,True,19600,19600,1.0,0,0,0
1213,jyasinzou_room_15,True,33904,33904,1.0,0,0,0
1214,jyasinzou_room_16,True,24976,24976,1.0,0,0,0
1215,jyasinzou_room_17,True,38416,38416,1.0,0,0,0
1216,jyasinzou_room_18,True,23728,23728,1.0,0,0,0
1217,jyasinzou_room_19,True,24032,24032,1.0,0,0,0
1218,jyasinzou_room_20,True,33216,33216,1.0,0,0,0
1219,jyasinzou_room_21,True,18000,18000,1.0,0,0,0
1220,jyasinzou_room_22,True,12496,12496,1.0,0,0,0
1221,jyasinzou_room_23,True,37264,37264,1.0,0,0,0
1222,jyasinzou_room_24,True,25776,25776,1.0,0,0,0
1223,jyasinzou_room_25,True,88944,88944,1.0,0,0,0
1224,jyasinzou_room_26,True,52000,52000,1.0,0,0,0
1225,jyasinzou_room_27,True,22208,22208,1.0,0,0,0
1226,jyasinzou_room_28,True,35360,35360,1.0,0,0,0
1227,HAKAdan_scene,True,99264,99264,1.0,0,0,0
1228,HAKAdan_room_0,True,45248,45248,1.0,0,0,0
1229,HAKAdan_room_1,True,6848,6848,1.0,0,0,0
1230,HAKAdan_room_2,True,43280,43280,1.0,0,0,0
1231,HAKAdan_room_3,True,10560,10560,1.0,0,0,0
1232,HAKAdan_room_4,True,7232,7232,1.0,0,0,0
1233,HAKAdan_room_5,True,23136,23136,1.0,0,0,0
1234,HAKAdan_room_6,True,30064,30064,1.0,0,0,0
1235,HAKAdan_room_7,True,6832,6832,1.0,0,0,0
1236,HAKAdan_room_8,True,20576,20576,1.0,0,0,0
1237,HAKAdan_room_9,True,52064,52064,1.0,0,0,0
1238,HAKAdan_room_10,True,30624,30624,1.0,0,0,0
1239,HAKAdan_room_11,True,15680,15680,1.0,0,0,0
1240,HAKAdan_room_12,True,22304,22304,1.0,0,0,0
1241,HAKAdan_room_13,True,4016,4016,1.0,0,0,0
1242,HAKAdan_room_14,True,22848,22848,1.0,0,0,0
1243,HAKAdan_room_15,True,29296,29296,1.0,0,0,0
1244,HAKAdan_room_16,True,10368,10368,1.0,0,0,0
1245,HAKAdan_room_17,True,11472,11472,1.0,0,0,0
1246,HAKAdan_room_18,True,53888,53888,1.0,0,0,0
1247,HAKAdan_room_19,True,11552,11552,1.0,0,0,0
1248,HAKAdan_room_20,True,7712,7712,1.0,0,0,0
1249,HAKAdan_room_21,True,46256,46256,1.0,0,0,0
1250,HAKAdan_room_22,True,10656,10656,1.0,0,0,0
1251,HAKAdanCH_scene,True,50528,50528,1.0,0,0,0
1252,HAKAdanCH_room_0,True,87536,87536,1.0,0,0,0
1253,HAKAdanCH_room_1,True,45776,45776,1.0,0,0,0
1254,HAKAdanCH_room_2,True,12688,12688,1.0,0,0,0
1255,HAKAdanCH_room_3,True,7264,7264,1.0,0,0,0
1256,HAKAdanCH_room_4,True,9296,9296,1.0,0,0,0
1257,HAKAdanCH_room_5,True,10592,10592,1.0,0,0,0
1258,HAKAdanCH_room_6,True,11904,11904,1.0,0,0,0
1259,ice_doukutu_scene,True,71184,71184,1.0,0,0,0
1260,ice_doukutu_room_0,True,34400,34400,1.0,0,0,0
1261,ice_doukutu_room_1,True,50496,50496,1.0,0,0,0
1262,ice_doukutu_room_2,True,23280,23280,1.0,0,0,0
1263,ice_doukutu_room_3,True,32896,32896,1.0,0,0,0
1264,ice_doukutu_room_4,True,30320,30320,1.0,0,0,0
1265,ice_doukutu_room_5,True,34960,34960,1.0,0,0,0
1266,ice_doukutu_room_6,True,16992,16992,1.0,0,0,0
1267,ice_doukutu_room_7,True,22768,22768,1.0,0,0,0
1268,ice_doukutu_room_8,True,6480,6480,1.0,0,0,0
1269,ice_doukutu_room_9,True,34384,34384,1.0,0,0,0
1270,ice_doukutu_room_10,True,17376,17376,1.0,0,0,0
1271,ice_doukutu_room_11,True,22784,22784,1.0,0,0,0
1272,men_scene,False,70960,70960,1.0,0,16,11
1273,men_room_0,False,65424,65376,1.001,48,49345,15176
1274,men_room_1,False,37520,37360,1.004,160,29649,8873
1275,men_room_2,False,20352,20240,1.006,112,14539,4631
1276,men_room_3,False,31776,31744,1.001,32,22870,7308
1277,men_room_4,False,41296,41200,1.002,96,32077,9839
1278,men_room_5,False,20704,20688,1.001,16,15612,4668
1279,men_room_6,False,32576,32432,1.004,144,25856,7686
1280,men_room_7,False,33584,33552,1.001,32,25300,7942
1281,men_room_8,False,33296,33168,1.004,128,20378,7132
1282,men_room_9,False,14576,14496,1.006,80,10700,3246
1283,men_room_10,False,23648,23536,1.005,112,19067,5599
1284,ganontika_scene,True,137152,137152,1.0,0,0,0
1285,ganontika_room_0,True,37312,37312,1.0,0,0,0
1286,ganontika_room_1,True,117168,117168,1.0,0,0,0
1287,ganontika_room_2,True,30688,30688,1.0,0,0,0
1288,ganontika_room_3,True,39312,39312,1.0,0,0,0
1289,ganontika_room_4,True,31888,31888,1.0,0,0,0
1290,ganontika_room_5,True,30016,30016,1.0,0,0,0
1291,ganontika_room_6,True,64496,64496,1.0,0,0,0
1292,ganontika_room_7,True,31888,31888,1.0,0,0,0
1293,ganontika_room_8,True,36976,36976,1.0,0,0,0
1294,ganontika_room_9,True,47248,47248,1.0,0,0,0
1295,ganontika_room_10,True,27504,27504,1.0,0,0,0
1296,ganontika_room_11,True,26960,26960,1.0,0,0,0
1297,ganontika_room_12,True,45936,45936,1.0,0,0,0
1298,ganontika_room_13,True,32064,32064,1.0,0,0,0
1299,ganontika_room_14,True,41376,41376,1.0,0,0,0
1300,ganontika_room_15,True,32064,32064,1.0,0,0,0
1301,ganontika_room_16,True,11808,11808,1.0,0,0,0
1302,ganontika_room_17,True,34464,34464,1.0,0,0,0
1303,ganontika_room_18,True,50800,50800,1.0,0,0,0
1304,ganontika_room_19,True,32064,32064,1.0,0,0,0
1305,market_day_scene,True,9840,9840,1.0,0,0,0
1306,market_day_room_0,True,22640,22640,1.0,0,0,0
1307,market_night_scene,True,9776,9776,1.0,0,0,0
1308,market_night_room_0,True,22432,22432,1.0,0,0,0
1309,testroom_scene,,,,,,
1310,testroom_room_0,,,,,,
1311,testroom_room_1,,,,,,
1312,testroom_room_2,,,,,,
1313,testroom_room_3,,,,,,
1314,testroom_room_4,,,,,,
1315,kenjyanoma_scene,True,14576,14576,1.0,0,0,0
1316,kenjyanoma_room_0,True,78096,78096,1.0,0,0,0
1317,tokinoma_scene,True,75680,75680,1.0,0,0,0
1318,tokinoma_room_0,True,94688,94688,1.0,0,0,0
1319,tokinoma_room_1,True,28880,28880,1.0,0,0,0
1320,sutaru_scene,,,,,,
1321,sutaru_room_0,,,,,,
1322,link_home_scene,True,7008,7008,1.0,0,0,0
1323,link_home_room_0,True,162944,162944,1.0,0,0,0
1324,kokiri_shop_scene,True,2432,2432,1.0,0,0,0
1325,kokiri_shop_room_0,True,199824,199824,1.0,0,0,0
1326,kokiri_home_scene,True,3264,3264,1.0,0,0,0
1327,kokiri_home_room_0,True,179248,179248,1.0,0,0,0
1328,kakusiana_scene,True,55328,55328,1.0,0,0,0
1329,kakusiana_room_0,True,29344,29344,1.0,0,0,0
1330,kakusiana_room_1,True,20880,20880,1.0,0,0,0
1331,kakusiana_room_2,True,10432,10432,1.0,0,0,0
1332,kakusiana_room_3,True,20784,20784,1.0,0,0,0
1333,kakusiana_room_4,True,31072,31072,1.0,0,0,0
1334,kakusiana_room_5,True,18144,18144,1.0,0,0,0
1335,kakusiana_room_6,True,23152,23152,1.0,0,0,0
1336,kakusiana_room_7,True,16336,16336,1.0,0,0,0
1337,kakusiana_room_8,True,13872,13872,1.0,0,0,0
1338,kakusiana_room_9,True,23248,23248,1.0,0,0,0
1339,kakusiana_room_10,True,23088,23088,1.0,0,0,0
1340,kakusiana_room_11,True,34480,34480,1.0,0,0,0
1341,kakusiana_room_12,True,32336,32336,1.0,0,0,0
1342,kakusiana_room_13,True,28368,28368,1.0,0,0,0
1343,entra_scene,True,992,992,1.0,0,0,0
1344,entra_room_0,True,154480,154480,1.0,0,0,0
1345,moribossroom_scene,True,6400,6400,1.0,0,0,0
1346,moribossroom_room_0,True,24256,24256,1.0,0,0,0
1347,moribossroom_room_1,True,55984,55984,1.0,0,0,0
1348,syatekijyou_scene,True,49856,49856,1.0,0,0,0
1349,syatekijyou_room_0,True,30448,30448,1.0,0,0,0
1350,shop1_scene,True,752,752,1.0,0,0,0
1351,shop1_room_0,True,169904,169904,1.0,0,0,0
1352,hairal_niwa_scene,False,70544,70544,1.0,0,2,2
1353,hairal_niwa_room_0,False,43232,43120,1.003,112,25219,9438
1354,ganon_tou_scene,True,19312,19312,1.0,0,0,0
1355,ganon_tou_room_0,True,80624,80624,1.0,0,0,0
1356,sasatest_scene,,,,,,
1357,sasatest_room_0,,,,,,
1358,market_alley_scene,True,4688,4688,1.0,0,0,0
1359,market_alley_room_0,True,481024,481024,1.0,0,0,0
1360,spot20_scene,True,73152,73152,1.0,0,0,0
1361,spot20_room_0,True,26320,26320,1.0,0,0,0
1362,market_ruins_scene,True,5680,5680,1.0,0,0,0
1363,market_ruins_room_0,True,10272,10272,1.0,0,0,0
1364,entra_n_scene,True,1072,1072,1.0,0,0,0
1365,entra_n_room_0,True,154480,154480,1.0,0,0,0
1366,enrui_scene,True,992,992,1.0,0,0,0
1367,enrui_room_0,True,154464,154464,1.0,0,0,0
1368,market_alley_n_scene,True,4848,4848,1.0,0,0,0
1369,market_alley_n_room_0,True,481008,481008,1.0,0,0,0
1370,hiral_demo_scene,True,15696,15696,1.0,0,0,0
1371,hiral_demo_room_0,True,1600,1600,1.0,0,0,0
1372,kokiri_home3_scene,True,6048,6048,1.0,0,0,0
1373,kokiri_home3_room_0,True,222736,222736,1.0,0,0,0
1374,malon_stable_scene,True,1648,1648,1.0,0,0,0
1375,malon_stable_room_0,True,189008,189008,1.0,0,0,0
1376,kakariko_scene,True,3744,3744,1.0,0,0,0
1377,kakariko_room_0,True,176064,176064,1.0,0,0,0
1378,bdan_boss_scene,True,3648,3648,1.0,0,0,0
1379,bdan_boss_room_0,True,12320,12320,1.0,0,0,0
1380,bdan_boss_room_1,False,20672,20672,1.0,0,16,8
1381,FIRE_bs_scene,True,19456,19456,1.0,0,0,0
1382,FIRE_bs_room_0,True,17008,17008,1.0,0,0,0
1383,FIRE_bs_room_1,True,28640,28640,1.0,0,0,0
1384,hut_scene,True,1296,1296,1.0,0,0,0
1385,hut_room_0,True,169376,169376,1.0,0,0,0
1386,daiyousei_izumi_scene,True,57344,57344,1.0,0,0,0
1387,daiyousei_izumi_room_0,True,14608,14608,1.0,0,0,0
1388,hakaana_scene,True,2704,2704,1.0,0,0,0
1389,hakaana_room_0,True,30928,30928,1.0,0,0,0
1390,yousei_izumi_tate_scene,True,34832,34832,1.0,0,0,0
1391,yousei_izumi_tate_room_0,True,17104,17104,1.0,0,0,0
1392,yousei_izumi_yoko_scene,True,52640,52640,1.0,0,0,0
1393,yousei_izumi_yoko_room_0,True,16400,16400,1.0,0,0,0
1394,golon_scene,True,928,928,1.0,0,0,0
1395,golon_room_0,True,156112,156112,1.0,0,0,0
1396,zoora_scene,True,912,912,1.0,0,0,0
1397,zoora_room_0,True,156128,156128,1.0,0,0,0
1398,drag_scene,True,1008,1008,1.0,0,0,0
1399,drag_room_0,True,179808,179808,1.0,0,0,0
1400,alley_shop_scene,True,1456,1456,1.0,0,0,0
1401,alley_shop_room_0,True,158768,158768,1.0,0,0,0
1402,night_shop_scene,True,1648,1648,1.0,0,0,0
1403,night_shop_room_0,True,166240,166240,1.0,0,0,0
1404,impa_scene,True,3344,3344,1.0,0,0,0
1405,impa_room_0,True,159648,159648,1.0,0,0,0
1406,labo_scene,True,3824,3824,1.0,0,0,0
1407,labo_room_0,True,182000,182000,1.0,0,0,0
1408,tent_scene,True,1664,1664,1.0,0,0,0
1409,tent_room_0,True,210592,210592,1.0,0,0,0
1410,nakaniwa_scene,True,14880,14880,1.0,0,0,0
1411,nakaniwa_room_0,True,97984,97984,1.0,0,0,0
1412,ddan_boss_scene,True,10336,10336,1.0,0,0,0
1413,ddan_boss_room_0,True,20016,20016,1.0,0,0,0
1414,ddan_boss_room_1,True,15824,15824,1.0,0,0,0
1415,ydan_boss_scene,True,5952,5952,1.0,0,0,0
1416,ydan_boss_room_0,True,28656,28656,1.0,0,0,0
1417,ydan_boss_room_1,True,26608,26608,1.0,0,0,0
1418,HAKAdan_bs_scene,True,10112,10112,1.0,0,0,0
1419,HAKAdan_bs_room_0,True,10720,10720,1.0,0,0,0
1420,HAKAdan_bs_room_1,True,24400,24400,1.0,0,0,0
1421,MIZUsin_bs_scene,True,6752,6752,1.0,0,0,0
1422,MIZUsin_bs_room_0,True,17520,17520,1.0,0,0,0
1423,MIZUsin_bs_room_1,True,45808,45808,1.0,0,0,0
1424,ganon_scene,True,67504,67504,1.0,0,0,0
1425,ganon_room_0,True,32464,32464,1.0,0,0,0
1426,ganon_room_1,True,30576,30576,1.0,0,0,0
1427,ganon_room_2,True,30800,30800,1.0,0,0,0
1428,ganon_room_3,True,30512,30512,1.0,0,0,0
1429,ganon_room_4,True,37072,37072,1.0,0,0,0
1430,ganon_room_5,True,35600,35600,1.0,0,0,0
1431,ganon_room_6,True,39840,39840,1.0,0,0,0
1432,ganon_room_7,True,42912,42912,1.0,0,0,0
1433,ganon_room_8,True,27616,27616,1.0,0,0,0
1434,ganon_room_9,True,22816,22816,1.0,0,0,0
1435,ganon_boss_scene,True,31776,31776,1.0,0,0,0
1436,ganon_boss_room_0,True,24192,24192,1.0,0,0,0
1437,jyasinboss_scene,True,36080,36080,1.0,0,0,0
1438,jyasinboss_room_0,True,4048,4048,1.0,0,0,0
1439,jyasinboss_room_1,True,32320,32320,1.0,0,0,0
1440,jyasinboss_room_2,True,15808,15808,1.0,0,0,0
1441,jyasinboss_room_3,True,46848,46848,1.0,0,0,0
1442,kokiri_home4_scene,True,6832,6832,1.0,0,0,0
1443,kokiri_home4_room_0,True,231760,231760,1.0,0,0,0
1444,kokiri_home5_scene,True,5136,5136,1.0,0,0,0
1445,kokiri_home5_room_0,True,200544,200544,1.0,0,0,0
1446,ganon_final_scene,True,74112,74112,1.0,0,0,0
1447,ganon_final_room_0,True,52912,52912,1.0,0,0,0
1448,kakariko3_scene,True,2112,2112,1.0,0,0,0
1449,kakariko3_room_0,True,173440,173440,1.0,0,0,0
1450,hairal_niwa2_scene,,,,,,
1451,hairal_niwa2_room_0,,,,,,
1452,hakasitarelay_scene,True,57968,57968,1.0,0,0,0
1453,hakasitarelay_room_0,True,29376,29376,1.0,0,0,0
1454,hakasitarelay_room_1,True,26400,26400,1.0,0,0,0
1455,hakasitarelay_room_2,True,33968,33968,1.0,0,0,0
1456,hakasitarelay_room_3,True,36064,36064,1.0,0,0,0
1457,hakasitarelay_room_4,True,17536,17536,1.0,0,0,0
1458,hakasitarelay_room_5,True,17488,17488,1.0,0,0,0
1459,hakasitarelay_room_6,True,31408,31408,1.0,0,0,0
1460,shrine_scene,True,5344,5344,1.0,0,0,0
1461,shrine_room_0,True,338672,338672,1.0,0,0,0
1462,turibori_scene,True,75488,75488,1.0,0,0,0
1463,turibori_room_0,True,26464,26464,1.0,0,0,0
1464,shrine_n_scene,True,5376,5376,1.0,0,0,0
1465,shrine_n_room_0,True,338704,338704,1.0,0,0,0
1466,shrine_r_scene,True,5264,5264,1.0,0,0,0
1467,shrine_r_room_0,True,338672,338672,1.0,0,0,0
1468,hakaana2_scene,True,53392,53392,1.0,0,0,0
1469,hakaana2_room_0,True,26640,26640,1.0,0,0,0
1470,gerudoway_scene,True,55584,55584,1.0,0,0,0
1471,gerudoway_room_0,True,19776,19776,1.0,0,0,0
1472,gerudoway_room_1,True,29360,29360,1.0,0,0,0
1473,gerudoway_room_2,True,15952,15952,1.0,0,0,0
1474,gerudoway_room_3,True,45840,45840,1.0,0,0,0
1475,gerudoway_room_4,True,14624,14624,1.0,0,0,0
1476,gerudoway_room_5,True,20032,20032,1.0,0,0,0
1477,hairal_niwa_n_scene,True,37104,37104,1.0,0,0,0
1478,hairal_niwa_n_room_0,True,13856,13856,1.0,0,0,0
1479,bowling_scene,True,60192,60192,1.0,0,0,0
1480,bowling_room_0,True,25056,25056,1.0,0,0,0
1481,hakaana_ouke_scene,True,19168,19168,1.0,0,0,0
1482,hakaana_ouke_room_0,True,43008,43008,1.0,0,0,0
1483,hakaana_ouke_room_1,True,18432,18432,1.0,0,0,0
1484,hakaana_ouke_room_2,True,24848,24848,1.0,0,0,0
1485,hylia_labo_scene,True,69776,69776,1.0,0,0,0
1486,hylia_labo_room_0,True,30160,30160,1.0,0,0,0
1487,souko_scene,True,27664,27664,1.0,0,0,0
1488,souko_room_0,True,38208,38208,1.0,0,0,0
1489,souko_room_1,True,42032,42032,1.0,0,0,0
1490,souko_room_2,True,33152,33152,1.0,0,0,0
1491,miharigoya_scene,True,50512,50512,1.0,0,0,0
1492,miharigoya_room_0,True,15792,15792,1.0,0,0,0
1493,mahouya_scene,True,43552,43552,1.0,0,0,0
1494,mahouya_room_0,True,27280,27280,1.0,0,0,0
1495,takaraya_scene,True,29104,29104,1.0,0,0,0
1496,takaraya_room_0,True,40384,40384,1.0,0,0,0
1497,takaraya_room_1,True,8192,8192,1.0,0,0,0
1498,takaraya_room_2,True,8240,8240,1.0,0,0,0
1499,takaraya_room_3,True,10272,10272,1.0,0,0,0
1500,takaraya_room_4,True,12320,12320,1.0,0,0,0
1501,takaraya_room_5,True,12288,12288,1.0,0,0,0
1502,takaraya_room_6,True,11008,11008,1.0,0,0,0
1503,ganon_sonogo_scene,True,32528,32528,1.0,0,0,0
1504,ganon_sonogo_room_0,True,32384,32384,1.0,0,0,0
1505,ganon_sonogo_room_1,True,31664,31664,1.0,0,0,0
1506,ganon_sonogo_room_2,True,36000,36000,1.0,0,0,0
1507,ganon_sonogo_room_3,True,22080,22080,1.0,0,0,0
1508,ganon_sonogo_room_4,True,36080,36080,1.0,0,0,0
1509,ganon_demo_scene,True,36976,36976,1.0,0,0,0
1510,ganon_demo_room_0,True,16720,16720,1.0,0,0,0
1511,besitu_scene,,,,,,
1512,besitu_room_0,,,,,,
1513,face_shop_scene,True,880,880,1.0,0,0,0
1514,face_shop_room_0,True,190016,190016,1.0,0,0,0
1515,kinsuta_scene,True,5648,5648,1.0,0,0,0
1516,kinsuta_room_0,True,57504,57504,1.0,0,0,0
1517,ganontikasonogo_scene,True,19200,19200,1.0,0,0,0
1518,ganontikasonogo_room_0,True,97152,97152,1.0,0,0,0
1519,ganontikasonogo_room_1,True,40736,40736,1.0,0,0,0
1520,test01_scene,,,,,,
1521,test01_room_0,,,,,,
1522,bump_texture_static,True,1024,1024,1.0,0,0,0
1523,anime_model_1_static,True,16,16,1.0,0,0,0
1524,anime_model_2_static,True,16,16,1.0,0,0,0
1525,anime_model_3_static,True,16,16,1.0,0,0,0
1526,anime_model_4_static,True,16,16,1.0,0,0,0
1527,anime_model_5_static,True,16,16,1.0,0,0,0
1528,anime_model_6_static,True,16,16,1.0,0,0,0
1529,anime_texture_1_static,True,16,16,1.0,0,0,0
1530,anime_texture_2_static,True,16,16,1.0,0,0,0
1531,anime_texture_3_static,True,16,16,1.0,0,0,0
1532,anime_texture_4_static,True,16,16,1.0,0,0,0
1533,anime_texture_5_static,True,16,16,1.0,0,0,0
1534,anime_texture_6_static,True,16,16,1.0,0,0,0
1535,softsprite_matrix_static,True,64,64,1.0,0,0,0
